date,vaccination_status,total_cases,total_cases_hospitalised
2021-10-11,No doses received prior to being reported as a case,943,124
2021-10-11,Not eligible for vaccine due to being less than 12 years old,342,5
2021-10-11,"1 dose only, received less than 14 days before reported as a case",112,15
2021-10-11,"1 dose only, received at least 14 days before reported as a case",135,10
2021-10-11,Fully vaccinated but second dose less than 14 days before reported as a case,24,1
2021-10-11,Fully vaccinated at least 14 days before reported as a case,66,3
2021-10-11,Total,1622,158
2021-10-12,No doses received prior to being reported as a case,943,124
2021-10-12,Not eligible for vaccine due to being less than 12 years old,342,5
2021-10-12,"1 dose only, received less than 14 days before reported as a case",112,15
2021-10-12,"1 dose only, received at least 14 days before reported as a case",135,10
2021-10-12,Fully vaccinated but second dose less than 14 days before reported as a case,24,1
2021-10-12,Fully vaccinated at least 14 days before reported as a case,66,3
2021-10-12,Total,1622,158
2021-10-13,No doses received prior to being reported as a case,943,124
2021-10-13,Not eligible for vaccine due to being less than 12 years old,342,5
2021-10-13,"1 dose only, received less than 14 days before reported as a case",112,15
2021-10-13,"1 dose only, received at least 14 days before reported as a case",135,10
2021-10-13,Fully vaccinated but second dose less than 14 days before reported as a case,24,1
2021-10-13,Fully vaccinated at least 14 days before reported as a case,66,3
2021-10-13,Total,1622,158
2021-10-14,No doses received prior to being reported as a case,943,124
2021-10-14,Not eligible for vaccine due to being less than 12 years old,342,5
2021-10-14,"1 dose only, received less than 14 days before reported as a case",112,15
2021-10-14,"1 dose only, received at least 14 days before reported as a case",135,10
2021-10-14,Fully vaccinated but second dose less than 14 days before reported as a case,24,1
2021-10-14,Fully vaccinated at least 14 days before reported as a case,66,3
2021-10-14,Total (as at 9 a.m. 11 October 2021),1622,158
2021-10-15,No doses received prior to being reported as a case,943,124
2021-10-15,Not eligible for vaccine due to being less than 12 years old,342,5
2021-10-15,"1 dose only, received less than 14 days before reported as a case",112,15
2021-10-15,"1 dose only, received at least 14 days before reported as a case",135,10
2021-10-15,Fully vaccinated but second dose less than 14 days before reported as a case,24,1
2021-10-15,Fully vaccinated at least 14 days before reported as a case,66,3
2021-10-15,Total,1622,158
2021-10-16,No doses received prior to being reported as a case,943,124
2021-10-16,Not eligible for vaccine due to being less than 12 years old,342,5
2021-10-16,"1 dose only, received less than 14 days before reported as a case",112,15
2021-10-16,"1 dose only, received at least 14 days before reported as a case",135,10
2021-10-16,Fully vaccinated but second dose less than 14 days before reported as a case,24,1
2021-10-16,Fully vaccinated at least 14 days before reported as a case,66,3
2021-10-16,Total,1622,158
2021-10-17,No doses received prior to being reported as a case,943,124
2021-10-17,Not eligible for vaccine due to being less than 12 years old,342,5
2021-10-17,"1 dose only, received less than 14 days before reported as a case",112,15
2021-10-17,"1 dose only, received at least 14 days before reported as a case",135,10
2021-10-17,Fully vaccinated but second dose less than 14 days before reported as a case,24,1
2021-10-17,Fully vaccinated at least 14 days before reported as a case,66,3
2021-10-17,Total,1622,158
2021-10-18,No doses received prior to being reported as a case,1132,138
2021-10-18,Not eligible for vaccine due to being less than 12 years old,409,7
2021-10-18,"1 dose only, received less than 14 days before reported as a case",145,17
2021-10-18,"1 dose only, received at least 14 days before reported as a case",191,13
2021-10-18,Fully vaccinated but second dose less than 14 days before reported as a case,37,1
2021-10-18,Fully vaccinated at least 14 days before reported as a case,91,3
2021-10-18,Total,2005,179
2021-10-19,No doses received prior to being reported as a case,145,17
2021-10-19,Not eligible for vaccine due to being less than 12 years old,191,13
2021-10-19,"1 dose only, received less than 14 days before reported as a case",91,3
2021-10-19,"1 dose only, received at least 14 days before reported as a case",37,1
2021-10-19,Fully vaccinated but second dose less than 14 days before reported as a case,1132,138
2021-10-19,Fully vaccinated at least 14 days before reported as a case,409,7
2021-10-19,Total,2005,179
2021-10-20,No doses received prior to being reported as a case,1132,138
2021-10-20,Not eligible for vaccine due to being less than 12 years old,409,7
2021-10-20,"1 dose only, received less than 14 days before reported as a case",145,17
2021-10-20,"1 dose only, received at least 14 days before reported as a case",191,13
2021-10-20,Fully vaccinated but second dose less than 14 days before reported as a case,37,1
2021-10-20,Fully vaccinated at least 14 days before reported as a case,91,3
2021-10-20,Total,2005,179
2021-10-21,No doses received prior to being reported as a case,1132,138
2021-10-21,Not eligible for vaccine due to being less than 12 years old,409,7
2021-10-21,"1 dose only, received less than 14 days before reported as a case",145,17
2021-10-21,"1 dose only, received at least 14 days before reported as a case",191,13
2021-10-21,Fully vaccinated but second dose less than 14 days before reported as a case,37,1
2021-10-21,Fully vaccinated at least 14 days before reported as a case,91,3
2021-10-21,Total,2005,179
2021-10-22,No doses received prior to being reported as a case,1132,138
2021-10-22,Not eligible for vaccine due to being less than 12 years old,409,7
2021-10-22,"1 dose only, received less than 14 days before reported as a case",145,17
2021-10-22,"1 dose only, received at least 14 days before reported as a case",191,13
2021-10-22,Fully vaccinated but second dose less than 14 days before reported as a case,37,1
2021-10-22,Fully vaccinated at least 14 days before reported as a case,91,3
2021-10-22,Total,2005,179
2021-10-23,No doses received prior to being reported as a case,1132,138
2021-10-23,Not eligible for vaccine due to being less than 12 years old,409,7
2021-10-23,"1 dose only, received less than 14 days before reported as a case",145,17
2021-10-23,"1 dose only, received at least 14 days before reported as a case",191,13
2021-10-23,Fully vaccinated but second dose less than 14 days before reported as a case,37,1
2021-10-23,Fully vaccinated at least 14 days before reported as a case,91,3
2021-10-23,Total,2005,179
2021-10-25,No doses received prior to being reported as a case,1443,168
2021-10-25,Not eligible for vaccine due to being less than 12 years old,541,8
2021-10-25,"1 dose only, received less than 14 days before reported as a case",205,25
2021-10-25,"1 dose only, received at least 14 days before reported as a case",290,17
2021-10-25,Fully vaccinated but second dose less than 14 days before reported as a case,66,3
2021-10-25,Fully vaccinated at least 14 days before reported as a case,136,3
2021-10-25,Total,2681,224
2021-10-26,No doses received prior to being reported as a case,1443,168
2021-10-26,Not eligible for vaccine due to being less than 12 years old,541,8
2021-10-26,"1 dose only, received less than 14 days before reported as a case",205,25
2021-10-26,"1 dose only, received at least 14 days before reported as a case",290,17
2021-10-26,Fully vaccinated but second dose less than 14 days before reported as a case,66,3
2021-10-26,Fully vaccinated at least 14 days before reported as a case,136,3
2021-10-26,Total,2681,224
2021-10-27,No doses received prior to being reported as a case,1443,168
2021-10-27,Not eligible for vaccine due to being less than 12 years old,541,8
2021-10-27,"1 dose only, received less than 14 days before reported as a case",205,25
2021-10-27,"1 dose only, received at least 14 days before reported as a case",290,17
2021-10-27,Fully vaccinated but second dose less than 14 days before reported as a case,66,3
2021-10-27,Fully vaccinated at least 14 days before reported as a case,136,3
2021-10-27,Total,2681,224
2021-10-28,No doses received prior to being reported as a case,1443,168
2021-10-28,Not eligible for vaccine due to being less than 12 years old,541,8
2021-10-28,"1 dose only, received less than 14 days before reported as a case",205,25
2021-10-28,"1 dose only, received at least 14 days before reported as a case",290,17
2021-10-28,Fully vaccinated but second dose less than 14 days before reported as a case,66,3
2021-10-28,Fully vaccinated at least 14 days before reported as a case,136,3
2021-10-28,Total,2681,224
2021-10-29,No doses received prior to being reported as a case,1609,178
2021-10-29,Not eligible for vaccine due to being less than 12 years old,615,10
2021-10-29,"1 dose only, received less than 14 days before reported as a case",234,25
2021-10-29,"1 dose only, received at least 14 days before reported as a case",337,21
2021-10-29,Fully vaccinated but second dose less than 14 days before reported as a case,76,4
2021-10-29,Fully vaccinated at least 14 days before reported as a case,175,3
2021-10-29,Total,3046,241
2021-10-30,No doses received prior to being reported as a case,1679,180
2021-10-30,Not eligible for vaccine due to being less than 12 years old,640,11
2021-10-30,"1 dose only, received less than 14 days before reported as a case",249,25
2021-10-30,"1 dose only, received at least 14 days before reported as a case",361,23
2021-10-30,Fully vaccinated but second dose less than 14 days before reported as a case,82,5
2021-10-30,Fully vaccinated at least 14 days before reported as a case,194,3
2021-10-30,Total,3205,247
2021-10-31,No doses received prior to being reported as a case,1738,186
2021-10-31,Not eligible for vaccine due to being less than 12 years old,674,11
2021-10-31,"1 dose only, received less than 14 days before reported as a case",255,26
2021-10-31,"1 dose only, received at least 14 days before reported as a case",379,24
2021-10-31,Fully vaccinated but second dose less than 14 days before reported as a case,85,5
2021-10-31,Fully vaccinated at least 14 days before reported as a case,217,3
2021-10-31,Total,3348,255
2021-11-01,No doses received prior to being reported as a case,1806,187
2021-11-01,Not eligible for vaccine due to being less than 12 years old,709,12
2021-11-01,"1 dose only, received less than 14 days before reported as a case",269,26
2021-11-01,"1 dose only, received at least 14 days before reported as a case",398,27
2021-11-01,Fully vaccinated but second dose less than 14 days before reported as a case,88,5
2021-11-01,Fully vaccinated at least 14 days before reported as a case,240,3
2021-11-01,Total,3510,260
2021-11-02,No doses received prior to being reported as a case,1861,189
2021-11-02,Not eligible for vaccine due to being less than 12 years old,729,12
2021-11-02,"1 dose only, received less than 14 days before reported as a case",283,26
2021-11-02,"1 dose only, received at least 14 days before reported as a case",409,27
2021-11-02,Fully vaccinated but second dose less than 14 days before reported as a case,91,5
2021-11-02,Fully vaccinated at least 14 days before reported as a case,261,4
2021-11-02,Total,3634,263
2021-11-03,No doses received prior to being reported as a case,1897,194
2021-11-03,Not eligible for vaccine due to being less than 12 years old,752,13
2021-11-03,"1 dose only, received less than 14 days before reported as a case",293,26
2021-11-03,"1 dose only, received at least 14 days before reported as a case",417,28
2021-11-03,Fully vaccinated but second dose less than 14 days before reported as a case,100,5
2021-11-03,Fully vaccinated at least 14 days before reported as a case,274,6
2021-11-03,Total,3733,272
2021-11-05,No doses received prior to being reported as a case,2009,201
2021-11-05,Not eligible for vaccine due to being less than 12 years old,803,13
2021-11-05,"1 dose only, received less than 14 days before reported as a case",325,30
2021-11-05,"1 dose only, received at least 14 days before reported as a case",462,29
2021-11-05,Fully vaccinated but second dose less than 14 days before reported as a case,120,5
2021-11-05,Fully vaccinated at least 14 days before reported as a case,315,7
2021-11-05,Total,4034,285
2021-11-11,No doses received prior to being reported as a case,2371,219
2021-11-11,Not eligible for vaccine due to being less than 12 years old,1019,15
2021-11-11,"1 dose only, received less than 14 days before reported as a case",400,32
2021-11-11,"1 dose only, received at least 14 days before reported as a case",595,32
2021-11-11,Fully vaccinated but second dose less than 14 days before reported as a case,164,7
2021-11-11,Fully vaccinated at least 14 days before reported as a case,449,10
2021-11-11,Total,4998,315
2021-11-15,No doses received prior to being reported as a case,2648,234
2021-11-15,Not eligible for vaccine due to being less than 12 years old,1197,17
2021-11-15,"1 dose only, received less than 14 days before reported as a case",448,35
2021-11-15,"1 dose only, received at least 14 days before reported as a case",695,33
2021-11-15,Fully vaccinated but second dose less than 14 days before reported as a case,201,8
2021-11-15,Fully vaccinated at least 14 days before reported as a case,562,12
2021-11-15,Total,5751,339
2021-11-17,No doses received prior to being reported as a case,2795,241
2021-11-17,Not eligible for vaccine due to being less than 12 years old,1302,21
2021-11-17,"1 dose only, received less than 14 days before reported as a case",470,35
2021-11-17,"1 dose only, received at least 14 days before reported as a case",742,37
2021-11-17,Fully vaccinated but second dose less than 14 days before reported as a case,217,8
2021-11-17,Fully vaccinated at least 14 days before reported as a case,641,16
2021-11-17,Total,6167,358
2021-11-18,No doses received prior to being reported as a case,2851,245
2021-11-18,Not eligible for vaccine due to being less than 12 years old,1348,21
2021-11-18,"1 dose only, received less than 14 days before reported as a case",483,35
2021-11-18,"1 dose only, received at least 14 days before reported as a case",759,38
2021-11-18,Fully vaccinated but second dose less than 14 days before reported as a case,224,8
2021-11-18,Fully vaccinated at least 14 days before reported as a case,669,17
2021-11-18,Total,6334,364
2021-11-20,No doses received prior to being reported as a case,2978,248
2021-11-20,Not eligible for vaccine due to being less than 12 years old,1445,23
2021-11-20,"1 dose only, received less than 14 days before reported as a case",509,36
2021-11-20,"1 dose only, received at least 14 days before reported as a case",800,39
2021-11-20,Fully vaccinated but second dose less than 14 days before reported as a case,246,8
2021-11-20,Fully vaccinated at least 14 days before reported as a case,723,18
2021-11-20,Total,6701,372
2021-11-21,No doses received prior to being reported as a case,3034,252
2021-11-21,Not eligible for vaccine due to being less than 12 years old,1486,24
2021-11-21,"1 dose only, received less than 14 days before reported as a case",513,36
2021-11-21,"1 dose only, received at least 14 days before reported as a case",820,40
2021-11-21,Fully vaccinated but second dose less than 14 days before reported as a case,255,8
2021-11-21,Fully vaccinated at least 14 days before reported as a case,742,18
2021-11-21,Total,6850,378
2021-11-22,No doses received prior to being reported as a case,3099,258
2021-11-22,Not eligible for vaccine due to being less than 12 years old,1543,26
2021-11-22,"1 dose only, received less than 14 days before reported as a case",522,36
2021-11-22,"1 dose only, received at least 14 days before reported as a case",837,40
2021-11-22,Fully vaccinated but second dose less than 14 days before reported as a case,268,8
2021-11-22,Fully vaccinated at least 14 days before reported as a case,785,19
2021-11-22,Total,7054,387
2021-11-23,No doses received prior to being reported as a case,3167,259
2021-11-23,Not eligible for vaccine due to being less than 12 years old,1620,28
2021-11-23,"1 dose only, received less than 14 days before reported as a case",530,37
2021-11-23,"1 dose only, received at least 14 days before reported as a case",859,42
2021-11-23,Fully vaccinated but second dose less than 14 days before reported as a case,275,8
2021-11-23,Fully vaccinated at least 14 days before reported as a case,817,20
2021-11-23,Total,7268,394
2021-11-24,No doses received prior to being reported as a case,3231,263
2021-11-24,Not eligible for vaccine due to being less than 12 years old,1685,28
2021-11-24,"1 dose only, received less than 14 days before reported as a case",543,37
2021-11-24,"1 dose only, received at least 14 days before reported as a case",887,43
2021-11-24,Fully vaccinated but second dose less than 14 days before reported as a case,280,8
2021-11-24,Fully vaccinated at least 14 days before reported as a case,858,22
2021-11-24,Total,7484,401
2021-11-25,No doses received prior to being reported as a case,3289,266
2021-11-25,Not eligible for vaccine due to being less than 12 years old,1733,28
2021-11-25,"1 dose only, received less than 14 days before reported as a case",554,39
2021-11-25,"1 dose only, received at least 14 days before reported as a case",913,45
2021-11-25,Fully vaccinated but second dose less than 14 days before reported as a case,284,8
2021-11-25,Fully vaccinated at least 14 days before reported as a case,887,22
2021-11-25,Total,7660,408
2021-11-26,No doses received prior to being reported as a case,3358,273
2021-11-26,Not eligible for vaccine due to being less than 12 years old,1779,29
2021-11-26,"1 dose only, received less than 14 days before reported as a case",567,40
2021-11-26,"1 dose only, received at least 14 days before reported as a case",932,45
2021-11-26,Fully vaccinated but second dose less than 14 days before reported as a case,286,8
2021-11-26,Fully vaccinated at least 14 days before reported as a case,910,22
2021-11-26,Total,7832,417
2021-11-27,No doses received prior to being reported as a case,3404,276
2021-11-27,Partially vaccinated,1661,90
2021-11-27,Fully vaccinated at least 7 days before reported as a case,1080,25
2021-11-27,Not eligible for vaccine due to being less than 12 years old,1830,29
2021-11-27,Total,7975,420
2021-11-28,No doses received prior to being reported as a case,3449,282
2021-11-28,Partially vaccinated,1681,92
2021-11-28,Fully vaccinated at least 7 days before reported as a case,1112,26
2021-11-28,Not eligible for vaccine due to being less than 12 years old,1876,30
2021-11-28,Total,8118,430
2021-11-29,No doses received prior to being reported as a case,3491,288
2021-11-29,Partially vaccinated,1711,93
2021-11-29,Fully vaccinated at least 7 days before reported as a case,1158,27
2021-11-29,Not eligible for vaccine due to being less than 12 years old,1938,34
2021-11-29,Total,8298,442
2021-11-30,No doses received prior to being reported as a case,3518,289
2021-11-30,Partially vaccinated,1737,94
2021-11-30,Fully vaccinated at least 7 days before reported as a case,1194,28
2021-11-30,Not eligible for vaccine due to being less than 12 years old,1982,34
2021-11-30,Total,8431,445
2021-12-01,No doses received prior to being reported as a case,3563,290
2021-12-01,Partially vaccinated,1759,94
2021-12-01,Fully vaccinated at least 7 days before reported as a case,1223,29
2021-12-01,Not eligible for vaccine due to being less than 12 years old,2029,35
2021-12-01,Total,8574,448
2021-12-02,No doses received prior to being reported as a case,3623,295
2021-12-02,Partially vaccinated,1786,96
2021-12-02,Fully vaccinated at least 7 days before reported as a case,1266,29
2021-12-02,Not eligible for vaccine due to being less than 12 years old,2070,37
2021-12-02,Total,8745,457
2021-12-03,No doses received prior to being reported as a case,3651,296
2021-12-03,Partially vaccinated,1812,97
2021-12-03,Fully vaccinated at least 7 days before reported as a case,1290,30
2021-12-03,Not eligible for vaccine due to being less than 12 years old,2083,37
2021-12-03,Total,8836,460
2021-12-04,No doses received prior to being reported as a case,3677,297
2021-12-04,Partially vaccinated,1832,98
2021-12-04,Fully vaccinated at least 7 days before reported as a case,1317,30
2021-12-04,Not eligible for vaccine due to being less than 12 years old,2105,36
2021-12-04,Total,8931,461
2021-12-05,No doses received prior to being reported as a case,3703,299
2021-12-05,Partially vaccinated,1855,99
2021-12-05,Fully vaccinated at least 7 days before reported as a case,1348,31
2021-12-05,Not eligible for vaccine due to being less than 12 years old,2131,36
2021-12-05,Total,9037,465
2021-12-06,No doses received prior to being reported as a case,3744,306
2021-12-06,Partially vaccinated,1878,101
2021-12-06,Fully vaccinated at least 7 days before reported as a case,1382,32
2021-12-06,Not eligible for vaccine due to being less than 12 years old,2167,36
2021-12-06,Total,9171,475
2021-12-07,No doses received prior to being reported as a case,3764,312
2021-12-07,Partially vaccinated,1891,101
2021-12-07,Fully vaccinated at least 7 days before reported as a case,1407,33
2021-12-07,Not eligible for vaccine due to being less than 12 years old,2205,36
2021-12-07,Total,9267,482
2021-12-08,No doses received prior to being reported as a case,3789,315
2021-12-08,Partially vaccinated,1908,102
2021-12-08,Fully vaccinated at least 7 days before reported as a case,1433,34
2021-12-08,Not eligible for vaccine due to being less than 12 years old,2224,36
2021-12-08,Total,9354,487
2021-12-09,No doses received prior to being reported as a case,3832,317
2021-12-09,Partially vaccinated,1915,102
2021-12-09,Fully vaccinated at least 7 days before reported as a case,1465,34
2021-12-09,Not eligible for vaccine due to being less than 12 years old,2245,36
2021-12-09,Total,9457,489
2021-12-10,No doses received prior to being reported as a case,3842,318
2021-12-10,Partially vaccinated,1944,102
2021-12-10,Fully vaccinated at least 7 days before reported as a case,1499,34
2021-12-10,Not eligible for vaccine due to being less than 12 years old,2267,36
2021-12-10,Total,9552,490
2021-12-11,No doses received prior to being reported as a case,3858,319
2021-12-11,Partially vaccinated,1951,102
2021-12-11,Fully vaccinated at least 7 days before reported as a case,1517,34
2021-12-11,Not eligible for vaccine due to being less than 12 years old,2287,36
2021-12-11,Total,9613,491
2021-12-12,No doses received prior to being reported as a case,3889,320
2021-12-12,Partially vaccinated,1966,102
2021-12-12,Fully vaccinated at least 7 days before reported as a case,1541,34
2021-12-12,Not eligible for vaccine due to being less than 12 years old,2318,36
2021-12-12,Total,9714,492
2021-12-13,No doses received prior to being reported as a case,3931,323
2021-12-13,Partially vaccinated,1968,102
2021-12-13,Fully vaccinated at least 7 days before reported as a case,1563,34
2021-12-13,Not eligible for vaccine due to being less than 12 years old,2352,36
2021-12-13,Total,9814,495
2021-12-14,No doses received prior to being reported as a case,3932,324
2021-12-14,Partially vaccinated,1990,104
2021-12-14,Fully vaccinated at least 7 days before reported as a case,1589,34
2021-12-14,Not eligible for vaccine due to being less than 12 years old,2379,36
2021-12-14,Total,9890,498
2021-12-15,No doses received prior to being reported as a case,3957,331
2021-12-15,Partially vaccinated,1999,106
2021-12-15,Fully vaccinated at least 7 days before reported as a case,1610,34
2021-12-15,Not eligible for vaccine due to being less than 12 years old,2397,37
2021-12-15,Total,9963,508
2021-12-16,No doses received prior to being reported as a case,3990,335
2021-12-16,Partially vaccinated,2008,108
2021-12-16,Fully vaccinated at least 7 days before reported as a case,1633,35
2021-12-16,Not eligible for vaccine due to being less than 12 years old,2423,38
2021-12-16,Total,10054,516
2021-12-17,No doses received prior to being reported as a case,4002,335
2021-12-17,Partially vaccinated,2022,109
2021-12-17,Fully vaccinated at least 7 days before reported as a case,1655,35
2021-12-17,Not eligible for vaccine due to being less than 12 years old,2450,40
2021-12-17,Total,10129,519
2021-12-18,No doses received prior to being reported as a case,4013,336
2021-12-18,Partially vaccinated,2027,109
2021-12-18,Fully vaccinated at least 7 days before reported as a case,1671,35
2021-12-18,Not eligible for vaccine due to being less than 12 years old,2457,40
2021-12-18,Total,10168,520
2021-12-18,No doses received prior to being reported as a case,4031,336
2021-12-18,Partially vaccinated,2031,109
2021-12-18,Fully vaccinated at least 7 days before reported as a case,1690,36
2021-12-18,Not eligible for vaccine due to being less than 12 years old,2468,40
2021-12-18,Total,10220,521
2021-12-19,No doses received prior to being reported as a case,4031,336
2021-12-19,Partially vaccinated,2031,109
2021-12-19,Fully vaccinated at least 7 days before reported as a case,1690,36
2021-12-19,Not eligible for vaccine due to being less than 12 years old,2468,40
2021-12-19,Total,10220,521
2021-12-19,No doses received prior to being reported as a case,4047,339
2021-12-19,Partially vaccinated,2038,110
2021-12-19,Fully vaccinated at least 7 days before reported as a case,1719,36
2021-12-19,Not eligible for vaccine due to being less than 12 years old,2485,40
2021-12-19,Total,10289,525
2021-12-20,No doses received prior to being reported as a case,4054,344
2021-12-20,Partially vaccinated,2041,111
2021-12-20,Fully vaccinated at least 7 days before reported as a case,1727,36
2021-12-20,Not eligible for vaccine due to being less than 12 years old,2498,40
2021-12-20,Total,10320,531
2021-12-21,No doses received prior to being reported as a case,4069,346
2021-12-21,Partially vaccinated,2048,111
2021-12-21,Fully vaccinated at least 7 days before reported as a case,1746,37
2021-12-21,Not eligible for vaccine due to being less than 12 years old,2512,40
2021-12-21,Total,10375,534
2021-12-22,No doses received prior to being reported as a case,4083,350
2021-12-22,Partially vaccinated,2052,113
2021-12-22,Fully vaccinated at least 7 days before reported as a case,1767,37
2021-12-22,Not eligible for vaccine due to being less than 12 years old,2528,42
2021-12-22,Total,10430,542
2021-12-23,No doses received prior to being reported as a case,4095,350
2021-12-23,Partially vaccinated,2061,113
2021-12-23,Fully vaccinated at least 7 days before reported as a case,1790,39
2021-12-23,Not eligible for vaccine due to being less than 12 years old,2545,42
2021-12-23,Total,10491,544
2021-12-25,No doses received prior to being reported as a case,4114,356
2021-12-25,Partially vaccinated,2068,114
2021-12-25,Fully vaccinated at least 7 days before reported as a case,1845,40
2021-12-25,Not eligible for vaccine due to being less than 12 years old,2590,44
2021-12-25,Total,10617,554
2021-12-26,No doses received prior to being reported as a case,4123,360
2021-12-26,Partially vaccinated,2069,115
2021-12-26,Fully vaccinated at least 7 days before reported as a case,1861,40
2021-12-26,Not eligible for vaccine due to being less than 12 years old,2598,44
2021-12-26,Total,10651,559
2021-12-27,No doses received prior to being reported as a case,4124,360
2021-12-27,Partially vaccinated,2070,115
2021-12-27,Fully vaccinated at least 7 days before reported as a case,1871,40
2021-12-27,Not eligible for vaccine due to being less than 12 years old,2603,44
2021-12-27,Total,10668,559
2021-12-28,No doses received prior to being reported as a case,4134,361
2021-12-28,Partially vaccinated,2072,116
2021-12-28,Fully vaccinated at least 7 days before reported as a case,1890,39
2021-12-28,Not eligible for vaccine due to being less than 12 years old,2620,44
2021-12-28,Total,10716,560
2021-12-29,No doses received prior to being reported as a case,4144,363
2021-12-29,Partially vaccinated,2078,116
2021-12-29,Fully vaccinated at least 7 days before reported as a case,1909,40
2021-12-29,Not eligible for vaccine due to being less than 12 years old,2645,45
2021-12-29,Total,10776,564
2021-12-30,No doses received prior to being reported as a case,4158,365
2021-12-30,Partially vaccinated,2082,119
2021-12-30,Fully vaccinated at least 7 days before reported as a case,1925,40
2021-12-30,Not eligible for vaccine due to being less than 12 years old,2660,45
2021-12-30,Total,10825,569
2022-01-01,No doses received prior to being reported as a case,4178,370
2022-01-01,Partially vaccinated,2087,118
2022-01-01,Fully vaccinated at least 7 days before reported as a case,1967,40
2022-01-01,Not eligible for vaccine due to being less than 12 years old,2697,45
2022-01-01,Total,10929,573
2022-01-02,No doses received prior to being reported as a case,4783,412
2022-01-02,Partially vaccinated,1538,79
2022-01-02,Fully vaccinated at least 7 days before reported as a case,1932,39
2022-01-02,Not eligible for vaccine due to being less than 12 years old,2702,45
2022-01-02,Total,10955,575
2022-01-03,No doses received prior to being reported as a case,4214,380
2022-01-03,Partially vaccinated,2072,113
2022-01-03,Fully vaccinated at least 7 days before reported as a case,1990,40
2022-01-03,Not eligible for vaccine due to being less than 12 years old,2710,45
2022-01-03,Total,10986,578
2022-01-04,No doses received prior to being reported as a case,4216,381
2022-01-04,Partially vaccinated,2076,114
2022-01-04,Fully vaccinated at least 7 days before reported as a case,1997,40
2022-01-04,Not eligible for vaccine due to being less than 12 years old,2714,45
2022-01-04,Total,11003,580
2022-01-05,No doses received prior to being reported as a case,4218,382
2022-01-05,Partially vaccinated,2078,114
2022-01-05,Fully vaccinated at least 7 days before reported as a case,2007,41
2022-01-05,Not eligible for vaccine due to being less than 12 years old,2719,45
2022-01-05,Total,11022,582
2022-01-06,No doses received prior to being reported as a case,4226,384
2022-01-06,Partially vaccinated,2080,115
2022-01-06,Fully vaccinated at least 7 days before reported as a case,2024,43
2022-01-06,Not eligible for vaccine due to being less than 12 years old,2727,46
2022-01-06,Total,11057,588
2022-01-08,No doses received prior to being reported as a case,4246,384
2022-01-08,Partially vaccinated,2083,115
2022-01-08,Fully vaccinated at least 7 days before reported as a case,2068,43
2022-01-08,Not eligible for vaccine due to being less than 12 years old,2745,46
2022-01-08,Total,11142,588
2022-01-09,No doses received prior to being reported as a case,4249,385
2022-01-09,Partially vaccinated,2085,115
2022-01-09,Fully vaccinated at least 7 days before reported as a case,2081,43
2022-01-09,Not eligible for vaccine due to being less than 12 years old,2754,46
2022-01-09,Total,11169,589
2022-01-10,No doses received prior to being reported as a case,4253,387
2022-01-10,Partially vaccinated,2087,115
2022-01-10,Fully vaccinated at least 7 days before reported as a case,2088,43
2022-01-10,Not eligible for vaccine due to being less than 12 years old,2755,46
2022-01-10,Total,11183,591
2022-01-11,No doses received prior to being reported as a case,4256,390
2022-01-11,Partially vaccinated,2091,115
2022-01-11,Fully vaccinated at least 7 days before reported as a case,2101,43
2022-01-11,Not eligible for vaccine due to being less than 12 years old,2762,46
2022-01-11,Total,11210,594
2022-01-12,No doses received prior to being reported as a case,4266,390
2022-01-12,Partially vaccinated,2091,115
2022-01-12,Fully vaccinated at least 7 days before reported as a case,2113,43
2022-01-12,Not eligible for vaccine due to being less than 12 years old,2766,46
2022-01-12,Total,11236,594
2022-01-13,No doses received prior to being reported as a case,4268,391
2022-01-13,Partially vaccinated,2091,116
2022-01-13,Fully vaccinated at least 7 days before reported as a case,2126,45
2022-01-13,Not eligible for vaccine due to being less than 12 years old,2769,46
2022-01-13,Total,11254,598
2022-01-14,No doses received prior to being reported as a case,4279,392
2022-01-14,Partially vaccinated,2094,116
2022-01-14,Fully vaccinated at least 7 days before reported as a case,2137,45
2022-01-14,Not eligible for vaccine due to being less than 12 years old,2771,46
2022-01-14,Total,11281,599
2022-01-15,No doses received prior to being reported as a case,4284,392
2022-01-15,Partially vaccinated,2095,116
2022-01-15,Fully vaccinated at least 7 days before reported as a case,2149,45
2022-01-15,Not eligible for vaccine due to being less than 12 years old,2778,46
2022-01-15,Total,11306,599
2022-01-16,No doses received prior to being reported as a case,4287,392
2022-01-16,Partially vaccinated,2100,116
2022-01-16,Fully vaccinated at least 7 days before reported as a case,2154,46
2022-01-16,Not eligible for vaccine due to being less than 12 years old,2781,46
2022-01-16,Total,11322,600
2022-01-17,No doses received prior to being reported as a case,4287,394
2022-01-17,Partially vaccinated,2102,116
2022-01-17,Fully vaccinated at least 7 days before reported as a case,2162,47
2022-01-17,Not eligible for vaccine due to being less than 12 years old,2786,46
2022-01-17,Total,11337,603
2022-01-18,No doses received prior to being reported as a case,4294,395
2022-01-18,Partially vaccinated,2102,116
2022-01-18,Fully vaccinated at least 7 days before reported as a case,2173,48
2022-01-18,Not eligible for vaccine due to being less than 12 years old,2791,46
2022-01-18,Total,11360,605
2022-01-19,No doses received prior to being reported as a case,4301,399
2022-01-19,Partially vaccinated,2105,116
2022-01-19,Fully vaccinated at least 7 days before reported as a case,2196,49
2022-01-19,Not eligible for vaccine due to being less than 12 years old,2797,46
2022-01-19,Total,11399,610
2022-01-20,No doses received prior to being reported as a case,4306,399
2022-01-20,Partially vaccinated,2107,116
2022-01-20,Fully vaccinated at least 7 days before reported as a case,2208,49
2022-01-20,Not eligible for vaccine due to being less than 12 years old,2802,46
2022-01-20,Total,11423,610
2022-01-21,No doses received prior to being reported as a case,4311,401
2022-01-21,Partially vaccinated,2111,116
2022-01-21,Fully vaccinated at least 7 days before reported as a case,2230,49
2022-01-21,Not eligible for vaccine due to being less than 12 years old,2814,46
2022-01-21,Total,11466,612
2022-01-22,No doses received prior to being reported as a case,4314,401
2022-01-22,Partially vaccinated,2112,116
2022-01-22,Fully vaccinated at least 7 days before reported as a case,2248,49
2022-01-22,Not eligible for vaccine due to being less than 12 years old,2816,46
2022-01-22,Total,11490,612
2022-01-23,No doses received prior to being reported as a case,4316,401
2022-01-23,Partially vaccinated,2113,116
2022-01-23,Fully vaccinated at least 7 days before reported as a case,2264,49
2022-01-23,Not eligible for vaccine due to being less than 12 years old,2822,46
2022-01-23,Total,11515,612
2022-01-24,No doses received prior to being reported as a case,4315,403
2022-01-24,Partially vaccinated,2120,117
2022-01-24,Fully vaccinated at least 7 days before reported as a case,2278,49
2022-01-24,Not eligible for vaccine due to being less than 12 years old,2828,46
2022-01-24,Total,11541,615
2022-01-25,No doses received prior to being reported as a case,4319,404
2022-01-25,Partially vaccinated,2121,117
2022-01-25,Fully vaccinated at least 7 days before reported as a case,2296,49
2022-01-25,Not eligible for vaccine due to being less than 12 years old,2828,47
2022-01-25,Total,11564,617
2022-01-26,No doses received prior to being reported as a case,4325,404
2022-01-26,Partially vaccinated,2121,117
2022-01-26,Fully vaccinated at least 7 days before reported as a case,2325,49
2022-01-26,Not eligible for vaccine due to being less than 12 years old,2839,47
2022-01-26,Total,11610,617
2022-01-27,No doses received prior to being reported as a case,4328,404
2022-01-27,Partially vaccinated,2121,117
2022-01-27,Fully vaccinated at least 7 days before reported as a case,2412,49
2022-01-27,Not eligible for vaccine due to being less than 12 years old,2852,46
2022-01-27,Total,11713,616
2022-01-28,No doses received prior to being reported as a case,4336,406
2022-01-28,Partially vaccinated,2123,117
2022-01-28,Fully vaccinated at least 7 days before reported as a case,2494,49
2022-01-28,Not eligible for vaccine due to being less than 12 years old,2858,46
2022-01-28,Total,11811,618
2022-01-29,No doses received prior to being reported as a case,4346,406
2022-01-29,Partially vaccinated,2128,117
2022-01-29,Fully vaccinated at least 7 days before reported as a case,2565,49
2022-01-29,Not eligible for vaccine due to being less than 12 years old,2875,46
2022-01-29,Total,11914,618
2022-01-30,No doses received prior to being reported as a case,4348,406
2022-01-30,Partially vaccinated,2130,117
2022-01-30,Fully vaccinated at least 7 days before reported as a case,2642,50
2022-01-30,Not eligible for vaccine due to being less than 12 years old,2885,46
2022-01-30,Total,12005,619
2022-01-31,No doses received prior to being reported as a case,4352,407
2022-01-31,Partially vaccinated,2136,117
2022-01-31,Fully vaccinated at least 7 days before reported as a case,2742,50
2022-01-31,Not eligible for vaccine due to being less than 12 years old,2901,47
2022-01-31,Total,12131,621
2022-02-01,No doses received prior to being reported as a case,4355,407
2022-02-01,Partially vaccinated,2137,117
2022-02-01,Fully vaccinated at least 7 days before reported as a case,2862,50
2022-02-01,Not eligible for vaccine due to being less than 12 years old,2920,47
2022-02-01,Total,12274,621
2022-02-02,No doses received prior to being reported as a case,4357,407
2022-02-02,Partially vaccinated,2138,117
2022-02-02,Fully vaccinated at least 7 days before reported as a case,2980,53
2022-02-02,Not eligible for vaccine due to being less than 12 years old,2946,47
2022-02-02,Total,12421,624
2022-02-03,No doses received prior to being reported as a case,4368,407
2022-02-03,Partially vaccinated,2146,117
2022-02-03,Fully vaccinated at least 7 days before reported as a case,3137,54
2022-02-03,Not eligible for vaccine due to being less than 12 years old,2979,47
2022-02-03,Total,12630,625
2022-02-04,No doses received prior to being reported as a case,4377,408
2022-02-04,Partially vaccinated,2148,117
2022-02-04,Fully vaccinated at least 7 days before reported as a case,3332,54
2022-02-04,Not eligible for vaccine due to being less than 12 years old,3013,49
2022-02-04,Total,12870,628
2022-02-05,No doses received prior to being reported as a case,4384,410
2022-02-05,Partially vaccinated,2149,117
2022-02-05,Fully vaccinated at least 7 days before reported as a case,3496,54
2022-02-05,Not eligible for vaccine due to being less than 12 years old,3049,50
2022-02-05,Total,13078,631
2022-02-06,No doses received prior to being reported as a case,4389,412
2022-02-06,Partially vaccinated,2151,117
2022-02-06,Fully vaccinated at least 7 days before reported as a case,3646,54
2022-02-06,Not eligible for vaccine due to being less than 12 years old,3080,50
2022-02-06,Total,13266,633
2022-02-07,No doses received prior to being reported as a case,4396,412
2022-02-07,Partially vaccinated,2152,117
2022-02-07,Fully vaccinated at least 7 days before reported as a case,3803,55
2022-02-07,Not eligible for vaccine due to being less than 12 years old,3117,50
2022-02-07,Total,13468,634
2022-02-08,No doses received prior to being reported as a case,4399,413
2022-02-08,Partially vaccinated,2153,117
2022-02-08,Fully vaccinated at least 7 days before reported as a case,3965,56
2022-02-08,Not eligible for vaccine due to being less than 12 years old,3154,50
2022-02-08,Total,13671,636
2022-02-09,No doses received prior to being reported as a case,4412,415
2022-02-09,Partially vaccinated,2154,117
2022-02-09,Fully vaccinated at least 7 days before reported as a case,4218,58
2022-02-09,Not eligible for vaccine due to being less than 12 years old,3193,50
2022-02-09,Total,13977,640
2022-02-10,No doses received prior to being reported as a case,4427,415
2022-02-10,Partially vaccinated,2158,118
2022-02-10,Fully vaccinated at least 7 days before reported as a case,4568,60
2022-02-10,Not eligible for vaccine due to being less than 12 years old,3268,52
2022-02-10,Total,14421,645
2022-02-11,No doses received prior to being reported as a case,4443,415
2022-02-11,Partially vaccinated,2167,118
2022-02-11,Fully vaccinated at least 7 days before reported as a case,4921,63
2022-02-11,Not eligible for vaccine due to being less than 12 years old,3343,53
2022-02-11,Total,14874,649
2022-02-13,No doses received prior to being reported as a case,4498,417
2022-02-13,Partially vaccinated,2361,121
2022-02-13,Fully vaccinated at least 7 days before reported as a case,6337,70
2022-02-13,Not eligible for vaccine due to being less than 12 years old,3419,53
2022-02-13,Total,16615,661
2022-02-14,No doses received prior to being reported as a case,4527,418
2022-02-14,Partially vaccinated,2408,121
2022-02-14,Fully vaccinated at least 7 days before reported as a case,6910,72
2022-02-14,Not eligible for vaccine due to being less than 12 years old,3509,53
2022-02-14,Total,17354,664
2022-02-15,No doses received prior to being reported as a case,4568,418
2022-02-15,Partially vaccinated,2225,119
2022-02-15,Fully vaccinated at least 7 days before reported as a case,7820,74
2022-02-15,Not eligible for vaccine due to being less than 12 years old,3895,57
2022-02-15,Total,18508,668
2022-02-16,No doses received prior to being reported as a case,4632,418
2022-02-16,Partially vaccinated,2256,119
2022-02-16,Fully vaccinated at least 7 days before reported as a case,9026,78
2022-02-16,Not eligible for vaccine due to being less than 12 years old,4133,57
2022-02-16,Total,20047,672
2022-02-17,No doses received prior to being reported as a case,4721,418
2022-02-17,Partially vaccinated,2261,120
2022-02-17,Fully vaccinated at least 7 days before reported as a case,10525,86
2022-02-17,Not eligible for vaccine due to being less than 12 years old,4437,59
2022-02-17,Total,21944,683
2022-02-18,No doses received prior to being reported as a case,4790,418
2022-02-18,Partially vaccinated,2307,120
2022-02-18,Fully vaccinated at least 7 days before reported as a case,12006,86
2022-02-18,Not eligible for vaccine due to being less than 12 years old,4645,59
2022-02-18,Total,23748,683
2022-02-19,No doses received prior to being reported as a case,4855,422
2022-02-19,Partially vaccinated,2318,120
2022-02-19,Fully vaccinated at least 7 days before reported as a case,13866,88
2022-02-19,Not eligible for vaccine due to being less than 12 years old,5022,63
2022-02-19,Total,26061,693
2022-02-20,No doses received prior to being reported as a case,4944,422
2022-02-20,Partially vaccinated,2355,120
2022-02-20,Fully vaccinated at least 7 days before reported as a case,15642,93
2022-02-20,Not eligible for vaccine due to being less than 12 years old,5337,63
2022-02-20,Total,28278,698
2022-02-21,No doses received prior to being reported as a case,5044,424
2022-02-21,Partially vaccinated,2402,121
2022-02-21,Fully vaccinated at least 7 days before reported as a case,17936,105
2022-02-21,Not eligible for vaccine due to being less than 12 years old,5726,65
2022-02-21,Total,31108,715
2022-02-22,No doses received prior to being reported as a case,5154,448
2022-02-22,Partially vaccinated,2440,131
2022-02-22,Fully vaccinated at least 7 days before reported as a case,16672,244
2022-02-22,Receieved booster at least 7 days before being reported as a case,3870,56
2022-02-22,Not eligible for vaccine due to being less than 12 years old,6150,76
2022-02-22,Total,34286,955
2022-02-23,No doses received prior to being reported as a case,5327,452
2022-02-23,Partially vaccinated,2510,131
2022-02-23,Fully vaccinated at least 7 days before reported as a case,20422,282
2022-02-23,Receieved booster at least 7 days before being reported as a case,5540,59
2022-02-23,Not eligible for vaccine due to being less than 12 years old,6607,85
2022-02-23,Total,40406,1009
2022-02-24,No doses received prior to being reported as a case,5734,463
2022-02-24,Partially vaccinated,2706,132
2022-02-24,Fully vaccinated at least 7 days before reported as a case,27620,314
2022-02-24,Received booster at least 7 days before being reported as a case,8626,75
2022-02-24,Not eligible for vaccination at the time they were reported as a case,7716,89
2022-02-24,Total,52402,1073
2022-02-25,No doses received prior to being reported as a case,6153,468
2022-02-25,Partially vaccinated,2847,133
2022-02-25,Fully vaccinated at least 7 days before reported as a case,35471,336
2022-02-25,Received booster at least 7 days before being reported as a case,12216,76
2022-02-25,Not eligible for vaccination at the time they were reported as a case,9329,91
2022-02-25,Total,66016,1104
2022-02-26,No doses received prior to being reported as a case,6585,473
2022-02-26,Partially vaccinated,2941,135
2022-02-26,Fully vaccinated at least 7 days before reported as a case,43740,370
2022-02-26,Received booster at least 7 days before being reported as a case,16387,85
2022-02-26,Not eligible for vaccination at the time they were reported as a case,11328,94
2022-02-26,Total,80981,1157
2022-02-27,No doses received prior to being reported as a case,7038,485
2022-02-27,Partially vaccinated,3086,136
2022-02-27,Fully vaccinated at least 7 days before reported as a case,51810,404
2022-02-27,Received booster at least 7 days before being reported as a case,20491,96
2022-02-27,Not eligible for vaccination at the time they were reported as a case,13227,98
2022-02-27,Total,95652,1219
2022-02-28,No doses received prior to being reported as a case,7831,495
2022-02-28,Partially vaccinated,3319,137
2022-02-28,Fully vaccinated at least 7 days before reported as a case,61623,436
2022-02-28,Received booster at least 7 days before being reported as a case,25314,106
2022-02-28,Not eligible for vaccination at the time they were reported as a case,15563,100
2022-02-28,Total,113650,1274
2022-03-01,No doses received prior to being reported as a case,8828,504
2022-03-01,Partially vaccinated,3655,139
2022-03-01,Fully vaccinated at least 7 days before reported as a case,74484,456
2022-03-01,Received booster at least 7 days before being reported as a case,31919,120
2022-03-01,Not eligible for vaccination at the time they were reported as a case,18860,103
2022-03-01,Total,137746,1322
2022-03-02,No doses received prior to being reported as a case,9806,515
2022-03-02,Partially vaccinated,3971,142
2022-03-02,Fully vaccinated at least 7 days before reported as a case,86673,511
2022-03-02,Received booster at least 7 days before being reported as a case,38713,144
2022-03-02,Not eligible for vaccination at the time they were reported as a case,21754,115
2022-03-02,Total,160917,1427
2022-03-03,No doses received prior to being reported as a case,10808,531
2022-03-03,Partially vaccinated,4258,145
2022-03-03,Fully vaccinated at least 7 days before reported as a case,98101,560
2022-03-03,Received booster at least 7 days before being reported as a case,45497,167
2022-03-03,Not eligible for vaccination at the time they were reported as a case,24834,123
2022-03-03,Total,183498,1526
2022-03-04,No doses received prior to being reported as a case,11650,559
2022-03-04,Partially vaccinated,4492,150
2022-03-04,Fully vaccinated at least 7 days before reported as a case,107309,610
2022-03-04,Received booster at least 7 days before being reported as a case,51444,191
2022-03-04,Not eligible for vaccination at the time they were reported as a case,27480,128
2022-03-04,Total,202375,1638
2022-03-05,No doses received prior to being reported as a case,12230,571
2022-03-05,Partially vaccinated,4668,155
2022-03-05,Fully vaccinated at least 7 days before reported as a case,114270,659
2022-03-05,Received booster at least 7 days before being reported as a case,56533,207
2022-03-05,Not eligible for vaccination at the time they were reported as a case,29875,135
2022-03-05,Total,217576,1727
2022-03-06,No doses received prior to being reported as a case,12862,587
2022-03-06,Partially vaccinated,4864,157
2022-03-06,Fully vaccinated at least 7 days before reported as a case,122400,688
2022-03-06,Received booster at least 7 days before being reported as a case,62592,233
2022-03-06,Not eligible for vaccination at the time they were reported as a case,32399,150
2022-03-06,Total,235117,1815
2022-03-07,No doses received prior to being reported as a case,13890,605
2022-03-07,Partially vaccinated,5208,162
2022-03-07,Fully vaccinated at least 7 days before reported as a case,133555,719
2022-03-07,Received booster at least 7 days before being reported as a case,70718,254
2022-03-07,Not eligible for vaccination at the time they were reported as a case,35666,153
2022-03-07,Total,259037,1893
2022-03-08,No doses received prior to being reported as a case,14880,634
2022-03-08,Partially vaccinated,5528,167
2022-03-08,Fully vaccinated at least 7 days before reported as a case,143854,771
2022-03-08,Received booster at least 7 days before being reported as a case,78458,283
2022-03-08,Not eligible for vaccination at the time they were reported as a case,38800,160
2022-03-08,Total,281520,2015
2022-03-10,No doses received prior to being reported as a case,16844,674
2022-03-10,Partially vaccinated,6151,174
2022-03-10,Fully vaccinated at least 7 days before reported as a case,162055,882
2022-03-10,Received booster at least 7 days before being reported as a case,93642,369
2022-03-10,Not eligible for vaccination at the time they were reported as a case,44877,183
2022-03-10,Total,323569,2282
2022-03-11,No doses received prior to being reported as a case,17691,704
2022-03-11,Partially vaccinated,6409,178
2022-03-11,Fully vaccinated at least 7 days before reported as a case,169501,941
2022-03-11,Received booster at least 7 days before being reported as a case,100369,422
2022-03-11,Not eligible for vaccination at the time they were reported as a case,48324,199
2022-03-11,Total,342294,2444
2022-03-12,No doses received prior to being reported as a case,18285,725
2022-03-12,Partially vaccinated,6556,182
2022-03-12,Fully vaccinated at least 7 days before reported as a case,175314,993
2022-03-12,Received booster at least 7 days before being reported as a case,105758,454
2022-03-12,Not eligible for vaccination at the time they were reported as a case,50892,207
2022-03-12,Total,356805,2561
2022-03-13,No doses received prior to being reported as a case,18818,730
2022-03-13,Partially vaccinated,6748,184
2022-03-13,Fully vaccinated at least 7 days before reported as a case,181547,1017
2022-03-13,Received booster at least 7 days before being reported as a case,111595,471
2022-03-13,Not eligible for vaccination at the time they were reported as a case,53654,209
2022-03-13,Total,372362,2611
2022-03-14,No doses received prior to being reported as a case,19888,764
2022-03-14,Partially vaccinated,7046,190
2022-03-14,Fully vaccinated at least 7 days before reported as a case,190461,1072
2022-03-14,Received booster at least 7 days before being reported as a case,119119,507
2022-03-14,Not eligible for vaccination at the time they were reported as a case,57488,225
2022-03-14,Total,394002,2758
2022-03-16,No doses received prior to being reported as a case,21703,802
2022-03-16,Partially vaccinated,7617,200
2022-03-16,Fully vaccinated at least 7 days before reported as a case,206228,1196
2022-03-16,Received booster at least 7 days before being reported as a case,133520,601
2022-03-16,Not eligible for vaccination at the time they were reported as a case,64005,249
2022-03-16,Total,433073,3048
2022-03-17,No doses received prior to being reported as a case,22471,814
2022-03-17,Partially vaccinated,7969,203
2022-03-17,Fully vaccinated at least 7 days before reported as a case,211517,1237
2022-03-17,Received booster at least 7 days before being reported as a case,138861,631
2022-03-17,Not eligible for vaccination at the time they were reported as a case,66428,253
2022-03-17,Total,447246,3138
2022-03-18,No doses received prior to being reported as a case,23270,837
2022-03-18,Partially vaccinated,8083,207
2022-03-18,Fully vaccinated at least 7 days before reported as a case,218367,1316
2022-03-18,Received booster at least 7 days before being reported as a case,145844,694
2022-03-18,Not eligible for vaccination at the time they were reported as a case,70193,271
2022-03-18,Total,465757,3325
2022-03-19,No doses received prior to being reported as a case,23703,852
2022-03-19,Partially vaccinated,8216,208
2022-03-19,Fully vaccinated at least 7 days before reported as a case,222767,1359
2022-03-19,Received booster at least 7 days before being reported as a case,150461,737
2022-03-19,Not eligible for vaccination at the time they were reported as a case,72581,273
2022-03-19,Total,477728,3429
2022-03-20,No doses received prior to being reported as a case,24186,857
2022-03-20,Partially vaccinated,8387,209
2022-03-20,Fully vaccinated at least 7 days before reported as a case,228181,1396
2022-03-20,Received booster at least 7 days before being reported as a case,156135,766
2022-03-20,Not eligible for vaccination at the time they were reported as a case,75317,281
2022-03-20,Total,492206,3509
2022-03-21,No doses received prior to being reported as a case,25099,887
2022-03-21,Partially vaccinated,8647,215
2022-03-21,Fully vaccinated at least 7 days before reported as a case,236091,1455
2022-03-21,Received booster at least 7 days before being reported as a case,163874,812
2022-03-21,Not eligible for vaccination at the time they were reported as a case,79415,298
2022-03-21,Total,513126,3667
2022-03-22,No doses received prior to being reported as a case,26027,910
2022-03-22,Partially vaccinated,8884,224
2022-03-22,Fully vaccinated at least 7 days before reported as a case,243550,1522
2022-03-22,Received booster at least 7 days before being reported as a case,171670,879
2022-03-22,Not eligible for vaccination at the time they were reported as a case,83107,313
2022-03-22,Total,533238,3848
2022-03-23,No doses received prior to being reported as a case,26764,925
2022-03-23,Partially vaccinated,9106,234
2022-03-23,Fully vaccinated at least 7 days before reported as a case,250358,1616
2022-03-23,Received booster at least 7 days before being reported as a case,179173,945
2022-03-23,Not eligible for vaccination at the time they were reported as a case,86284,333
2022-03-23,Total,551685,4053
2022-03-24,No doses received prior to being reported as a case,27439,949
2022-03-24,Partially vaccinated,9291,240
2022-03-24,Fully vaccinated at least 7 days before reported as a case,255982,1695
2022-03-24,Received booster at least 7 days before being reported as a case,185630,1001
2022-03-24,Not eligible for vaccination at the time they were reported as a case,89226,354
2022-03-24,Total,567568,4239
2022-03-25,No doses received prior to being reported as a case,28022,968
2022-03-25,Partially vaccinated,9413,242
2022-03-25,Fully vaccinated at least 7 days before reported as a case,260757,1752
2022-03-25,Received booster at least 7 days before being reported as a case,191572,1054
2022-03-25,Not eligible for vaccination at the time they were reported as a case,91991,368
2022-03-25,Total,581755,4384
2022-03-26,No doses received prior to being reported as a case,28418,982
2022-03-26,Partially vaccinated,9646,245
2022-03-26,Fully vaccinated at least 7 days before reported as a case,264107,1778
2022-03-26,Received booster at least 7 days before being reported as a case,195911,1085
2022-03-26,Not eligible for vaccination at the time they were reported as a case,93916,374
2022-03-26,Total,591998,4464
2022-03-27,No doses received prior to being reported as a case,28751,992
2022-03-27,Partially vaccinated,9710,249
2022-03-27,Fully vaccinated at least 7 days before reported as a case,268499,1821
2022-03-27,Received booster at least 7 days before being reported as a case,201355,1121
2022-03-27,Not eligible for vaccination at the time they were reported as a case,96571,381
2022-03-27,Total,604886,4564
2022-03-28,No doses received prior to being reported as a case,29713,1010
2022-03-28,Partially vaccinated,9879,255
2022-03-28,Fully vaccinated at least 7 days before reported as a case,275706,1868
2022-03-28,Received booster at least 7 days before being reported as a case,208208,1162
2022-03-28,Not eligible for vaccination at the time they were reported as a case,100478,388
2022-03-28,Total,623984,4683
2022-03-29,No doses received prior to being reported as a case,30296,1029
2022-03-29,Partially vaccinated,10071,254
2022-03-29,Fully vaccinated at least 7 days before reported as a case,281194,1908
2022-03-29,Received booster at least 7 days before being reported as a case,214948,1226
2022-03-29,Not eligible for vaccination at the time they were reported as a case,103404,393
2022-03-29,Total,639913,4810
2022-03-30,No doses received prior to being reported as a case,30622,1040
2022-03-30,Partially vaccinated,10215,255
2022-03-30,Fully vaccinated at least 7 days before reported as a case,285014,1959
2022-03-30,Received booster at least 7 days before being reported as a case,221698,1295
2022-03-30,Not eligible for vaccination at the time they were reported as a case,105691,399
2022-03-30,Total,653240,4948
2022-03-31,No doses received prior to being reported as a case,31195,1051
2022-03-31,Partially vaccinated,10355,259
2022-03-31,Fully vaccinated at least 7 days before reported as a case,289409,1999
2022-03-31,Received booster at least 7 days before being reported as a case,227547,1341
2022-03-31,Not eligible for vaccination at the time they were reported as a case,108222,412
2022-03-31,Total,666728,5062
2022-04-02,No doses received prior to being reported as a case,31942,1074
2022-04-02,Partially vaccinated,10559,262
2022-04-02,Fully vaccinated at least 7 days before reported as a case,295929,2084
2022-04-02,Received booster at least 7 days before being reported as a case,236500,1446
2022-04-02,Not eligible for vaccination at the time they were reported as a case,112232,439
2022-04-02,Total,687162,5305
2022-04-03,No doses received prior to being reported as a case,32221,1082
2022-04-03,Partially vaccinated,10640,263
2022-04-03,Fully vaccinated at least 7 days before reported as a case,299211,2115
2022-04-03,Received booster at least 7 days before being reported as a case,241176,1466
2022-04-03,Not eligible for vaccination at the time they were reported as a case,114128,442
2022-04-03,Total,697376,5368
2022-04-04,No doses received prior to being reported as a case,32814,1091
2022-04-04,Partially vaccinated,10843,265
2022-04-04,Fully vaccinated at least 7 days before reported as a case,303883,2137
2022-04-04,Received booster at least 7 days before being reported as a case,247083,1489
2022-04-04,Not eligible for vaccination at the time they were reported as a case,116888,450
2022-04-04,Total,711511,5432
2022-04-05,No doses received prior to being reported as a case,33238,1104
2022-04-05,Partially vaccinated,10773,266
2022-04-05,Fully vaccinated at least 7 days before reported as a case,308099,2201
2022-04-05,Received booster at least 7 days before being reported as a case,252681,1562
2022-04-05,Not eligible for vaccination at the time they were reported as a case,119312,470
2022-04-05,Total,724103,5603
2022-04-06,No doses received prior to being reported as a case,33623,1134
2022-04-06,Partially vaccinated,10845,268
2022-04-06,Fully vaccinated at least 7 days before reported as a case,311798,2259
2022-04-06,Received booster at least 7 days before being reported as a case,258202,1636
2022-04-06,Not eligible for vaccination at the time they were reported as a case,121287,491
2022-04-06,Total,735755,5788
2022-04-08,No doses received prior to being reported as a case,34356,1156
2022-04-08,Partially vaccinated,10979,276
2022-04-08,Fully vaccinated at least 7 days before reported as a case,317420,2335
2022-04-08,Received booster at least 7 days before being reported as a case,266871,1736
2022-04-08,Not eligible for vaccination at the time they were reported as a case,124586,504
2022-04-08,Total,754212,6007
2022-04-09,No doses received prior to being reported as a case,34518,1165
2022-04-09,Partially vaccinated,11018,277
2022-04-09,Fully vaccinated at least 7 days before reported as a case,319446,2392
2022-04-09,Received booster at least 7 days before being reported as a case,270060,1773
2022-04-09,Not eligible for vaccination at the time they were reported as a case,125892,509
2022-04-09,Total,760934,6116
2022-04-10,No doses received prior to being reported as a case,34705,1166
2022-04-10,Partially vaccinated,11076,278
2022-04-10,Fully vaccinated at least 7 days before reported as a case,321868,2409
2022-04-10,Received booster at least 7 days before being reported as a case,273646,1797
2022-04-10,Not eligible for vaccination at the time they were reported as a case,127234,510
2022-04-10,Total,768529,6160
2022-04-11,No doses received prior to being reported as a case,35152,1179
2022-04-11,Partially vaccinated,11157,283
2022-04-11,Fully vaccinated at least 7 days before reported as a case,325138,2448
2022-04-11,Received booster at least 7 days before being reported as a case,278892,1843
2022-04-11,Not eligible for vaccination at the time they were reported as a case,129269,517
2022-04-11,Total,779608,6270
2022-04-12,No doses received prior to being reported as a case,35459,1192
2022-04-12,Partially vaccinated,11226,286
2022-04-12,Fully vaccinated at least 7 days before reported as a case,328122,2483
2022-04-12,Received booster at least 7 days before being reported as a case,283422,1883
2022-04-12,Not eligible for vaccination at the time they were reported as a case,130878,520
2022-04-12,Total,789107,6364
2022-04-13,No doses received prior to being reported as a case,35791,1207
2022-04-13,Partially vaccinated,11311,288
2022-04-13,Fully vaccinated at least 7 days before reported as a case,331043,2530
2022-04-13,Received booster at least 7 days before being reported as a case,288164,1934
2022-04-13,Not eligible for vaccination at the time they were reported as a case,132367,530
2022-04-13,Total,798676,6489
2022-04-14,No doses received prior to being reported as a case,36073,1221
2022-04-14,Partially vaccinated,11367,290
2022-04-14,Fully vaccinated at least 7 days before reported as a case,333256,2577
2022-04-14,Received booster at least 7 days before being reported as a case,292234,1978
2022-04-14,Not eligible for vaccination at the time they were reported as a case,133512,540
2022-04-14,Total,806442,6606
2022-04-15,No doses received prior to being reported as a case,36217,1230
2022-04-15,Partially vaccinated,11399,293
2022-04-15,Fully vaccinated at least 7 days before reported as a case,334870,2616
2022-04-15,Received booster at least 7 days before being reported as a case,295246,2020
2022-04-15,Not eligible for vaccination at the time they were reported as a case,134460,546
2022-04-15,Total,812192,6705
2022-04-16,No doses received prior to being reported as a case,36366,1234
2022-04-16,Partially vaccinated,11427,293
2022-04-16,Fully vaccinated at least 7 days before reported as a case,336473,2637
2022-04-16,Received booster at least 7 days before being reported as a case,298409,2043
2022-04-16,Not eligible for vaccination at the time they were reported as a case,135450,549
2022-04-16,Total,818125,6756
2022-04-17,No doses received prior to being reported as a case,36618,1240
2022-04-17,Partially vaccinated,11460,295
2022-04-17,Fully vaccinated at least 7 days before reported as a case,338335,2660
2022-04-17,Received booster at least 7 days before being reported as a case,301882,2073
2022-04-17,Not eligible for vaccination at the time they were reported as a case,136451,558
2022-04-17,Total,824746,6826
2022-04-18,No doses received prior to being reported as a case,36842,1241
2022-04-18,Partially vaccinated,11523,297
2022-04-18,Fully vaccinated at least 7 days before reported as a case,340832,2690
2022-04-18,Received booster at least 7 days before being reported as a case,306251,2104
2022-04-18,Not eligible for vaccination at the time they were reported as a case,137564,562
2022-04-18,Total,833012,6894
2022-04-19,No doses received prior to being reported as a case,37178,1253
2022-04-19,Partially vaccinated,11604,297
2022-04-19,Fully vaccinated at least 7 days before reported as a case,344225,2717
2022-04-19,Received booster at least 7 days before being reported as a case,312149,2150
2022-04-19,Not eligible for vaccination at the time they were reported as a case,139084,566
2022-04-19,Total,844240,6983
2022-04-20,No doses received prior to being reported as a case,37476,1271
2022-04-20,Partially vaccinated,11672,299
2022-04-20,Fully vaccinated at least 7 days before reported as a case,347319,2749
2022-04-20,Received booster at least 7 days before being reported as a case,317753,2199
2022-04-20,Not eligible for vaccination at the time they were reported as a case,140325,576
2022-04-20,Total,854545,7094
2022-04-21,No doses received prior to being reported as a case,37828,1276
2022-04-21,Partially vaccinated,11737,301
2022-04-21,Fully vaccinated at least 7 days before reported as a case,350012,2795
2022-04-21,Received booster at least 7 days before being reported as a case,322851,2230
2022-04-21,Not eligible for vaccination at the time they were reported as a case,141531,579
2022-04-21,Total,863959,7181
2022-04-22,No doses received prior to being reported as a case,38088,1288
2022-04-22,Partially vaccinated,11789,301
2022-04-22,Fully vaccinated at least 7 days before reported as a case,352181,2834
2022-04-22,Received booster at least 7 days before being reported as a case,327178,2295
2022-04-22,Not eligible for vaccination at the time they were reported as a case,142650,589
2022-04-22,Total,871886,7307
2022-04-23,No doses received prior to being reported as a case,38267,1295
2022-04-23,Partially vaccinated,11825,301
2022-04-23,Fully vaccinated at least 7 days before reported as a case,353640,2880
2022-04-23,Received booster at least 7 days before being reported as a case,330441,2334
2022-04-23,Not eligible for vaccination at the time they were reported as a case,143382,599
2022-04-23,Total,877555,7409
2022-04-24,No doses received prior to being reported as a case,38388,1297
2022-04-24,Partially vaccinated,11862,304
2022-04-24,Fully vaccinated at least 7 days before reported as a case,355134,2902
2022-04-24,Received booster at least 7 days before being reported as a case,333819,2358
2022-04-24,Not eligible for vaccination at the time they were reported as a case,144044,605
2022-04-24,Total,883247,7466
2022-04-25,No doses received prior to being reported as a case,38535,1305
2022-04-25,Partially vaccinated,11894,306
2022-04-25,Fully vaccinated at least 7 days before reported as a case,356932,2925
2022-04-25,Received booster at least 7 days before being reported as a case,337565,2376
2022-04-25,Not eligible for vaccination at the time they were reported as a case,144685,612
2022-04-25,Total,889611,7524
2022-04-26,No doses received prior to being reported as a case,38807,1318
2022-04-26,Partially vaccinated,11939,310
2022-04-26,Fully vaccinated at least 7 days before reported as a case,359721,2960
2022-04-26,Received booster at least 7 days before being reported as a case,343265,2434
2022-04-26,Not eligible for vaccination at the time they were reported as a case,145704,621
2022-04-26,Total,899436,7643
2022-04-27,No doses received prior to being reported as a case,39057,1325
2022-04-27,Partially vaccinated,11980,310
2022-04-27,Fully vaccinated at least 7 days before reported as a case,362172,3004
2022-04-27,Received booster at least 7 days before being reported as a case,348721,2484
2022-04-27,Not eligible for vaccination at the time they were reported as a case,146547,630
2022-04-27,Total,908477,7753
2022-04-28,No doses received prior to being reported as a case,39327,1344
2022-04-28,Partially vaccinated,12019,311
2022-04-28,Fully vaccinated at least 7 days before reported as a case,364389,3056
2022-04-28,Received booster at least 7 days before being reported as a case,353620,2537
2022-04-28,Not eligible for vaccination at the time they were reported as a case,147381,632
2022-04-28,Total,916736,7880
2022-04-29,No doses received prior to being reported as a case,39518,1349
2022-04-29,Partially vaccinated,12055,311
2022-04-29,Fully vaccinated at least 7 days before reported as a case,366277,3100
2022-04-29,Received booster at least 7 days before being reported as a case,357723,2585
2022-04-29,Not eligible for vaccination at the time they were reported as a case,148204,638
2022-04-29,Total,923777,7983
2022-04-30,No doses received prior to being reported as a case,39636,1359
2022-04-30,Partially vaccinated,12084,311
2022-04-30,Fully vaccinated at least 7 days before reported as a case,367707,3122
2022-04-30,Received booster at least 7 days before being reported as a case,361139,2619
2022-04-30,Not eligible for vaccination at the time they were reported as a case,148875,642
2022-04-30,Total,929441,8053
2022-05-01,No doses received prior to being reported as a case,39792,1366
2022-05-01,Partially vaccinated,12119,311
2022-05-01,Fully vaccinated at least 7 days before reported as a case,369443,3149
2022-05-01,Received booster at least 7 days before being reported as a case,365111,2647
2022-05-01,Not eligible for vaccination at the time they were reported as a case,149618,643
2022-05-01,Total,936083,8116
2022-05-02,No doses received prior to being reported as a case,40055,1373
2022-05-02,Partially vaccinated,12185,314
2022-05-02,Fully vaccinated at least 7 days before reported as a case,371921,3193
2022-05-02,Received booster at least 7 days before being reported as a case,370460,2699
2022-05-02,Not eligible for vaccination at the time they were reported as a case,150591,648
2022-05-02,Total,945212,8227
2022-05-03,No doses received prior to being reported as a case,40296,1378
2022-05-03,Partially vaccinated,12235,316
2022-05-03,Fully vaccinated at least 7 days before reported as a case,374132,3228
2022-05-03,Received booster at least 7 days before being reported as a case,375627,2751
2022-05-03,Not eligible for vaccination at the time they were reported as a case,151362,655
2022-05-03,Total,953652,8328
2022-05-04,No doses received prior to being reported as a case,40528,1394
2022-05-04,Partially vaccinated,12265,320
2022-05-04,Fully vaccinated at least 7 days before reported as a case,376404,3263
2022-05-04,Received booster at least 7 days before being reported as a case,380933,2819
2022-05-04,Not eligible for vaccination at the time they were reported as a case,152120,667
2022-05-04,Total,962250,8463
2022-05-05,No doses received prior to being reported as a case,40728,1400
2022-05-05,Partially vaccinated,12316,323
2022-05-05,Fully vaccinated at least 7 days before reported as a case,378236,3307
2022-05-05,Received booster at least 7 days before being reported as a case,385424,2854
2022-05-05,Not eligible for vaccination at the time they were reported as a case,152886,677
2022-05-05,Total,969590,8561
2022-05-06,No doses received prior to being reported as a case,40926,1405
2022-05-06,Partially vaccinated,12368,324
2022-05-06,Fully vaccinated at least 7 days before reported as a case,379925,3344
2022-05-06,Received booster at least 7 days before being reported as a case,389453,2895
2022-05-06,Not eligible for vaccination at the time they were reported as a case,153662,688
2022-05-06,Total,976334,8656
2022-05-07,No doses received prior to being reported as a case,41069,1408
2022-05-07,Partially vaccinated,12395,327
2022-05-07,Fully vaccinated at least 7 days before reported as a case,381338,3381
2022-05-07,Received booster at least 7 days before being reported as a case,392879,2933
2022-05-07,Not eligible for vaccination at the time they were reported as a case,154306,694
2022-05-07,Total,981987,8743
2022-05-08,No doses received prior to being reported as a case,41206,1412
2022-05-08,Partially vaccinated,12420,328
2022-05-08,Fully vaccinated at least 7 days before reported as a case,382996,3397
2022-05-08,Received booster at least 7 days before being reported as a case,396743,2960
2022-05-08,Not eligible for vaccination at the time they were reported as a case,155032,697
2022-05-08,Total,988397,8794
2022-05-09,No doses received prior to being reported as a case,41454,1425
2022-05-09,Partially vaccinated,12480,327
2022-05-09,Fully vaccinated at least 7 days before reported as a case,385458,3425
2022-05-09,Received booster at least 7 days before being reported as a case,401974,3009
2022-05-09,Not eligible for vaccination at the time they were reported as a case,156216,703
2022-05-09,Total,997582,8889
2022-05-10,No doses received prior to being reported as a case,41654,1433
2022-05-10,Partially vaccinated,12531,332
2022-05-10,Fully vaccinated at least 7 days before reported as a case,387521,3466
2022-05-10,Received booster at least 7 days before being reported as a case,406698,3073
2022-05-10,Not eligible for vaccination at the time they were reported as a case,157148,716
2022-05-10,Total,1005552,9020
2022-05-11,No doses received prior to being reported as a case,41889,1439
2022-05-11,Partially vaccinated,12572,335
2022-05-11,Fully vaccinated at least 7 days before reported as a case,390031,3512
2022-05-11,Received booster at least 7 days before being reported as a case,412342,3132
2022-05-11,Not eligible for vaccination at the time they were reported as a case,158112,723
2022-05-11,Total,1014946,9141
2022-05-12,No doses received prior to being reported as a case,42109,1450
2022-05-12,Partially vaccinated,12609,338
2022-05-12,Fully vaccinated at least 7 days before reported as a case,391934,3558
2022-05-12,Received booster at least 7 days before being reported as a case,416758,3209
2022-05-12,Not eligible for vaccination at the time they were reported as a case,158992,740
2022-05-12,Total,1022402,9295
2022-05-13,No doses received prior to being reported as a case,42310,1457
2022-05-13,Partially vaccinated,12642,338
2022-05-13,Fully vaccinated at least 7 days before reported as a case,393721,3591
2022-05-13,Received booster at least 7 days before being reported as a case,420922,3278
2022-05-13,Not eligible for vaccination at the time they were reported as a case,159868,738
2022-05-13,Total,1029463,9402
2022-05-14,No doses received prior to being reported as a case,42460,1464
2022-05-14,Partially vaccinated,12674,339
2022-05-14,Fully vaccinated at least 7 days before reported as a case,395211,3627
2022-05-14,Received booster at least 7 days before being reported as a case,424313,3322
2022-05-14,Not eligible for vaccination at the time they were reported as a case,160555,742
2022-05-14,Total,1035213,9494
2022-05-15,No doses received prior to being reported as a case,42610,1469
2022-05-15,Partially vaccinated,12714,340
2022-05-15,Fully vaccinated at least 7 days before reported as a case,397022,3652
2022-05-15,Received booster at least 7 days before being reported as a case,428545,3346
2022-05-15,Not eligible for vaccination at the time they were reported as a case,161388,747
2022-05-15,Total,1042279,9554
2022-05-16,No doses received prior to being reported as a case,42852,1471
2022-05-16,Partially vaccinated,12774,343
2022-05-16,Fully vaccinated at least 7 days before reported as a case,399717,3682
2022-05-16,Received booster at least 7 days before being reported as a case,434204,3384
2022-05-16,Not eligible for vaccination at the time they were reported as a case,162582,761
2022-05-16,Total,1052129,9641
2022-05-17,No doses received prior to being reported as a case,43089,1482
2022-05-17,Partially vaccinated,12822,343
2022-05-17,Fully vaccinated at least 7 days before reported as a case,402160,3734
2022-05-17,Received booster at least 7 days before being reported as a case,439984,3449
2022-05-17,Not eligible for vaccination at the time they were reported as a case,163645,772
2022-05-17,Total,1061700,9780
2022-05-18,No doses received prior to being reported as a case,43300,1485
2022-05-18,Partially vaccinated,12865,344
2022-05-18,Fully vaccinated at least 7 days before reported as a case,404456,3784
2022-05-18,Received booster at least 7 days before being reported as a case,445645,3512
2022-05-18,Not eligible for vaccination at the time they were reported as a case,164528,778
2022-05-18,Total,1070794,9903
2022-05-19,No doses received prior to being reported as a case,43502,1496
2022-05-19,Partially vaccinated,12915,348
2022-05-19,Fully vaccinated at least 7 days before reported as a case,406370,3813
2022-05-19,Received booster at least 7 days before being reported as a case,450413,3583
2022-05-19,Not eligible for vaccination at the time they were reported as a case,165402,798
2022-05-19,Total,1078602,10038
2022-05-20,No doses received prior to being reported as a case,43664,1500
2022-05-20,Partially vaccinated,12942,348
2022-05-20,Fully vaccinated at least 7 days before reported as a case,407994,3850
2022-05-20,Received booster at least 7 days before being reported as a case,454439,3642
2022-05-20,Not eligible for vaccination at the time they were reported as a case,166203,800
2022-05-20,Total,1085242,10140
2022-05-21,No doses received prior to being reported as a case,43776,1505
2022-05-21,Partially vaccinated,12971,351
2022-05-21,Fully vaccinated at least 7 days before reported as a case,409171,3886
2022-05-21,Received booster at least 7 days before being reported as a case,457533,3685
2022-05-21,Not eligible for vaccination at the time they were reported as a case,166788,804
2022-05-21,Total,1090239,10231
2022-05-22,No doses received prior to being reported as a case,43904,1511
2022-05-22,Partially vaccinated,12993,352
2022-05-22,Fully vaccinated at least 7 days before reported as a case,410691,3912
2022-05-22,Received booster at least 7 days before being reported as a case,461118,3710
2022-05-22,Not eligible for vaccination at the time they were reported as a case,167540,810
2022-05-22,Total,1096246,10295
2022-05-23,No doses received prior to being reported as a case,44124,1514
2022-05-23,Partially vaccinated,13048,351
2022-05-23,Fully vaccinated at least 7 days before reported as a case,413002,3943
2022-05-23,Received booster at least 7 days before being reported as a case,465902,3750
2022-05-23,Not eligible for vaccination at the time they were reported as a case,168610,813
2022-05-23,Total,1104686,10371
2022-05-24,No doses received prior to being reported as a case,44334,1522
2022-05-24,Partially vaccinated,13090,353
2022-05-24,Fully vaccinated at least 7 days before reported as a case,415029,3986
2022-05-24,Received booster at least 7 days before being reported as a case,470863,3810
2022-05-24,Not eligible for vaccination at the time they were reported as a case,169536,822
2022-05-24,Total,1112852,10493
2022-05-25,No doses received prior to being reported as a case,44527,1533
2022-05-25,Partially vaccinated,13134,355
2022-05-25,Fully vaccinated at least 7 days before reported as a case,416840,4030
2022-05-25,Received booster at least 7 days before being reported as a case,475595,3893
2022-05-25,Not eligible for vaccination at the time they were reported as a case,170358,836
2022-05-25,Total,1120454,10647
2022-05-26,No doses received prior to being reported as a case,44714,1542
2022-05-26,Partially vaccinated,13178,355
2022-05-26,Fully vaccinated at least 7 days before reported as a case,418458,4069
2022-05-26,Received booster at least 7 days before being reported as a case,479887,3944
2022-05-26,Not eligible for vaccination at the time they were reported as a case,171078,849
2022-05-26,Total,1127315,10759
2022-05-27,No doses received prior to being reported as a case,44890,1545
2022-05-27,Partially vaccinated,13218,356
2022-05-27,Fully vaccinated at least 7 days before reported as a case,419958,4112
2022-05-27,Received booster at least 7 days before being reported as a case,483795,3992
2022-05-27,Not eligible for vaccination at the time they were reported as a case,171834,857
2022-05-27,Total,1133695,10862
2022-05-28,No doses received prior to being reported as a case,45003,1548
2022-05-28,Partially vaccinated,13238,358
2022-05-28,Fully vaccinated at least 7 days before reported as a case,421060,4144
2022-05-28,Received booster at least 7 days before being reported as a case,486887,4044
2022-05-28,Not eligible for vaccination at the time they were reported as a case,172362,865
2022-05-28,Total,1138550,10959
2022-05-29,No doses received prior to being reported as a case,45113,1551
2022-05-29,Partially vaccinated,13262,358
2022-05-29,Fully vaccinated at least 7 days before reported as a case,422420,4176
2022-05-29,Received booster at least 7 days before being reported as a case,490581,4075
2022-05-29,Not eligible for vaccination at the time they were reported as a case,173022,866
2022-05-29,Total,1144398,11026
2022-05-30,No doses received prior to being reported as a case,45319,1560
2022-05-30,Partially vaccinated,13308,360
2022-05-30,Fully vaccinated at least 7 days before reported as a case,424537,4204
2022-05-30,Received booster at least 7 days before being reported as a case,495696,4126
2022-05-30,Not eligible for vaccination at the time they were reported as a case,174001,871
2022-05-30,Total,1152861,11121
2022-05-31,No doses received prior to being reported as a case,45518,1565
2022-05-31,Partially vaccinated,13335,363
2022-05-31,Fully vaccinated at least 7 days before reported as a case,426451,4241
2022-05-31,Received booster at least 7 days before being reported as a case,500894,4200
2022-05-31,Not eligible for vaccination at the time they were reported as a case,174887,880
2022-05-31,Total,1161085,11249
2022-06-01,No doses received prior to being reported as a case,45738,1586
2022-06-01,Partially vaccinated,13378,366
2022-06-01,Fully vaccinated at least 7 days before reported as a case,428132,4293
2022-06-01,Received booster at least 7 days before being reported as a case,506120,4284
2022-06-01,Not eligible for vaccination at the time they were reported as a case,175621,890
2022-06-01,Total,1168989,11419
2022-06-02,No doses received prior to being reported as a case,45885,1597
2022-06-02,Partially vaccinated,13417,370
2022-06-02,Fully vaccinated at least 7 days before reported as a case,429496,4333
2022-06-02,Received booster at least 7 days before being reported as a case,510138,4351
2022-06-02,Not eligible for vaccination at the time they were reported as a case,176307,898
2022-06-02,Total,1175243,11549
2022-06-03,No doses received prior to being reported as a case,46055,1598
2022-06-03,Partially vaccinated,13453,370
2022-06-03,Fully vaccinated at least 7 days before reported as a case,430824,4379
2022-06-03,Received booster at least 7 days before being reported as a case,514279,4410
2022-06-03,Not eligible for vaccination at the time they were reported as a case,176959,910
2022-06-03,Total,1181570,11667
2022-06-04,No doses received prior to being reported as a case,46136,1603
2022-06-04,Partially vaccinated,13476,372
2022-06-04,Fully vaccinated at least 7 days before reported as a case,431698,4408
2022-06-04,Received booster at least 7 days before being reported as a case,517235,4463
2022-06-04,Not eligible for vaccination at the time they were reported as a case,177447,915
2022-06-04,Total,1185992,11761
2022-06-06,No doses received prior to being reported as a case,46339,1608
2022-06-06,Partially vaccinated,13518,373
2022-06-06,Fully vaccinated at least 7 days before reported as a case,433907,4460
2022-06-06,Received booster at least 7 days before being reported as a case,523827,4530
2022-06-06,Not eligible for vaccination at the time they were reported as a case,178662,923
2022-06-06,Total,1196253,11894
2022-06-07,No doses received prior to being reported as a case,46525,1618
2022-06-07,Partially vaccinated,13578,374
2022-06-07,Fully vaccinated at least 7 days before reported as a case,435470,4490
2022-06-07,Received booster at least 7 days before being reported as a case,528311,4560
2022-06-07,Not eligible for vaccination at the time they were reported as a case,179433,931
2022-06-07,Total,1203317,11973
2022-06-08,No doses received prior to being reported as a case,46712,1639
2022-06-08,Partially vaccinated,13602,379
2022-06-08,Fully vaccinated at least 7 days before reported as a case,437186,4566
2022-06-08,Received booster at least 7 days before being reported as a case,533618,4673
2022-06-08,Not eligible for vaccination at the time they were reported as a case,180279,963
2022-06-08,Total,1211397,12220
2022-06-09,No doses received prior to being reported as a case,46867,1649
2022-06-09,Partially vaccinated,13645,381
2022-06-09,Fully vaccinated at least 7 days before reported as a case,438602,4613
2022-06-09,Received booster at least 7 days before being reported as a case,537721,4733
2022-06-09,Not eligible for vaccination at the time they were reported as a case,180936,974
2022-06-09,Total,1217771,12350
2022-06-10,No doses received prior to being reported as a case,47004,1657
2022-06-10,Partially vaccinated,13673,381
2022-06-10,Fully vaccinated at least 7 days before reported as a case,439640,4654
2022-06-10,Received booster at least 7 days before being reported as a case,541188,4799
2022-06-10,Not eligible for vaccination at the time they were reported as a case,181457,982
2022-06-10,Total,1222962,12473
2022-06-11,No doses received prior to being reported as a case,47134,1660
2022-06-11,Partially vaccinated,13689,381
2022-06-11,Fully vaccinated at least 7 days before reported as a case,440533,4692
2022-06-11,Received booster at least 7 days before being reported as a case,544134,4850
2022-06-11,Not eligible for vaccination at the time they were reported as a case,181927,985
2022-06-11,Total,1227417,12568
2022-06-12,No doses received prior to being reported as a case,47221,1663
2022-06-12,Partially vaccinated,13711,383
2022-06-12,Fully vaccinated at least 7 days before reported as a case,441488,4723
2022-06-12,Received booster at least 7 days before being reported as a case,547067,4884
2022-06-12,Not eligible for vaccination at the time they were reported as a case,182377,990
2022-06-12,Total,1231864,12643
2022-06-13,No doses received prior to being reported as a case,47396,1667
2022-06-13,Partially vaccinated,13740,383
2022-06-13,Fully vaccinated at least 7 days before reported as a case,442928,4757
2022-06-13,Received booster at least 7 days before being reported as a case,551004,4929
2022-06-13,Not eligible for vaccination at the time they were reported as a case,183066,1001
2022-06-13,Total,1238134,12737
2022-06-14,No doses received prior to being reported as a case,47536,1681
2022-06-14,Partially vaccinated,13761,384
2022-06-14,Fully vaccinated at least 7 days before reported as a case,444132,4799
2022-06-14,Received booster at least 7 days before being reported as a case,554665,4998
2022-06-14,Not eligible for vaccination at the time they were reported as a case,183675,1017
2022-06-14,Total,1243769,12879
