date,ethnicity,total_cases,total_cases_hospitalised
2021-08-24,Māori,1,
2021-08-24,Pacific Peoples,104,
2021-08-24,Asian,13,
2021-08-24,European or Other,28,
2021-08-24,Unknown,2,
2021-08-25,Maori,4,
2021-08-25,Pacific Peoples,145,
2021-08-25,Asian,20,
2021-08-25,European or Other,33,
2021-08-25,Unknown,8,
2021-08-26,Māori,6,
2021-08-26,Pacific Peoples,194,
2021-08-26,Asian,28,
2021-08-26,European or Other,36,
2021-08-26,Unknown,13,
2021-08-28,0,14,
2021-08-28,1,300,
2021-08-28,2,44,
2021-08-28,3,45,
2021-08-28,4,2,
2021-08-28,5,24,
2021-08-29,Māori,19,
2021-08-29,Pacific peoples,360,
2021-08-29,Asian,52,
2021-08-29,"Middle Eastern, Latin American and African (MELAA)",2,
2021-08-29,European or Other,50,
2021-08-29,Unknown,28,
2021-08-30,Māori,25,
2021-08-30,Pacific peoples,403,
2021-08-30,Asian,54,
2021-08-30,"Middle Eastern, Latin American and African (MELAA)",3,
2021-08-30,European or Other,55,
2021-08-30,Unknown,24,
2021-08-31,Māori,36,
2021-08-31,Pacific peoples,429,
2021-08-31,Asian,62,
2021-08-31,"Middle Eastern, Latin American and African (MELAA)",3,
2021-08-31,European or Other,61,
2021-08-31,Unknown,21,
2021-09-01,Māori,40,
2021-09-01,Pacific peoples,491,
2021-09-01,Asian,64,
2021-09-01,"Middle Eastern, Latin American and African (MELAA)",3,
2021-09-01,European or Other,66,
2021-09-01,Unknown,23,
2021-09-02,Māori,47,
2021-09-02,Pacific peoples,523,
2021-09-02,Asian,65,
2021-09-02,"Middle Eastern, Latin American and African (MELAA)",4,
2021-09-02,European or Other,69,
2021-09-02,Unknown,28,
2021-09-03,Māori,53,
2021-09-03,Pacific peoples,541,
2021-09-03,Asian,71,
2021-09-03,"Middle Eastern, Latin American and African (MELAA)",6,
2021-09-03,European or Other,69,
2021-09-03,Unknown,24,
2021-09-04,Māori,55,
2021-09-04,Pacific peoples,567,
2021-09-04,Asian,73,
2021-09-04,"Middle Eastern, Latin American and African (MELAA)",8,
2021-09-04,European or Other,73,
2021-09-04,Unknown,6,
2021-09-05,Māori,55,
2021-09-05,Pacific peoples,586,
2021-09-05,Asian,75,
2021-09-05,"Middle Eastern, Latin American and African (MELAA)",8,
2021-09-05,European or Other,74,
2021-09-05,Unknown,3,
2021-09-06,Māori,58,
2021-09-06,Pacific peoples,603,
2021-09-06,Asian,75,
2021-09-06,"Middle Eastern, Latin American and African (MELAA)",8,
2021-09-06,European or Other,74,
2021-09-06,Unknown,3,
2021-09-07,Māori,59,
2021-09-07,Pacific peoples,620,
2021-09-07,Asian,75,
2021-09-07,"Middle Eastern, Latin American and African (MELAA)",8,
2021-09-07,European or Other,74,
2021-09-07,Unknown,5,
2021-09-08,Māori,60,
2021-09-08,Pacific peoples,631,
2021-09-08,Asian,77,
2021-09-08,"Middle Eastern, Latin American and African (MELAA)",8,
2021-09-08,European or Other,75,
2021-09-08,Unknown,4,
2021-09-09,Māori,59,
2021-09-09,Pacific peoples,640,
2021-09-09,Asian,78,
2021-09-09,"Middle Eastern, Latin American and African (MELAA)",9,
2021-09-09,European or Other,76,
2021-09-09,Unknown,6,
2021-09-10,Māori,61,
2021-09-10,Pacific peoples,649,
2021-09-10,Asian,79,
2021-09-10,"Middle Eastern, Latin American and African (MELAA)",9,
2021-09-10,European or Other,76,
2021-09-10,Unknown,5,
2021-09-11,Māori,73,
2021-09-11,Pacific peoples,659,
2021-09-11,Asian,80,
2021-09-11,"Middle Eastern, Latin American and African (MELAA)",9,
2021-09-11,European or Other,76,
2021-09-11,Unknown,5,
2021-09-13,Māori,88,
2021-09-13,Pacific peoples,692,
2021-09-13,Asian,84,
2021-09-13,"Middle Eastern, Latin American and African (MELAA)",9,
2021-09-13,European or Other,77,
2021-09-13,Unknown,5,
2021-09-14,Māori,97,
2021-09-14,Pacific peoples,696,
2021-09-14,Asian,85,
2021-09-14,"Middle Eastern, Latin American and African (MELAA)",9,
2021-09-14,European or Other,77,
2021-09-14,Unknown,6,
2021-09-17,Māori,118,
2021-09-17,Pacific peoples,706,
2021-09-17,Asian,89,
2021-09-17,"Middle Eastern, Latin American and African (MELAA)",9,
2021-09-17,European or Other,80,
2021-09-17,Unknown,5,
2021-09-18,Māori,123,
2021-09-18,Pacific peoples,719,
2021-09-18,Asian,89,
2021-09-18,"Middle Eastern, Latin American and African (MELAA)",9,
2021-09-18,European or Other,82,
2021-09-18,Unknown,5,
2021-09-19,Māori,137,
2021-09-19,Pacific peoples,726,
2021-09-19,Asian,90,
2021-09-19,"Middle Eastern, Latin American and African (MELAA)",9,
2021-09-19,European or Other,81,
2021-09-19,Unknown,7,
2021-09-21,Māori,150,
2021-09-21,Pacific peoples,739,
2021-09-21,Asian,91,
2021-09-21,"Middle Eastern, Latin American and African (MELAA)",9,
2021-09-21,European or Other,84,
2021-09-21,Unknown,12,
2021-09-22,Māori,158,
2021-09-22,Pacific peoples,751,
2021-09-22,Asian,92,
2021-09-22,"Middle Eastern, Latin American and African (MELAA)",10,
2021-09-22,European or Other,86,
2021-09-22,Unknown,11,
2021-09-23,Māori,163,
2021-09-23,Pacific peoples,760,
2021-09-23,Asian,93,
2021-09-23,"Middle Eastern, Latin American and African (MELAA)",10,
2021-09-23,European or Other,86,
2021-09-23,Unknown,11,
2021-09-24,Māori,163,
2021-09-24,Pacific peoples,766,
2021-09-24,Asian,92,
2021-09-24,"Middle Eastern, Latin American and African (MELAA)",13,
2021-09-24,European or Other,86,
2021-09-24,Unknown,11,
2021-09-25,Māori,167,
2021-09-25,Pacific peoples,773,
2021-09-25,Asian,94,
2021-09-25,"Middle Eastern, Latin American and African (MELAA)",13,
2021-09-25,European or Other,88,
2021-09-25,Unknown,12,
2021-09-26,Māori,175,
2021-09-26,Pacific peoples,779,
2021-09-26,Asian,94,
2021-09-26,"Middle Eastern, Latin American and African (MELAA)",14,
2021-09-26,European or Other,90,
2021-09-26,Unknown,13,
2021-09-27,Māori,180,
2021-09-27,Pacific peoples,786,
2021-09-27,Asian,94,
2021-09-27,"Middle Eastern, Latin American and African (MELAA)",14,
2021-09-27,European or Other,90,
2021-09-27,Unknown,13,
2021-09-28,Māori,185,
2021-09-28,Pacific peoples,790,
2021-09-28,Asian,94,
2021-09-28,"Middle Eastern, Latin American and African (MELAA)",15,
2021-09-28,European or Other,91,
2021-09-28,Unknown,10,
2021-09-29,Māori,208,
2021-09-29,Pacific peoples,810,
2021-09-29,Asian,96,
2021-09-29,"Middle Eastern, Latin American and African (MELAA)",15,
2021-09-29,European or Other,92,
2021-09-29,Unknown,9,
2021-09-30,Māori,217,
2021-09-30,Pacific peoples,818,
2021-09-30,Asian,97,
2021-09-30,"Middle Eastern, Latin American and African (MELAA)",16,
2021-09-30,European or Other,91,
2021-09-30,Unknown,10,
2021-10-01,Māori,232,
2021-10-01,Pacific peoples,822,
2021-10-01,Asian,99,
2021-10-01,"Middle Eastern, Latin American and African (MELAA)",16,
2021-10-01,European or Other,92,
2021-10-01,Unknown,7,
2021-10-02,Māori,242,
2021-10-02,Pacific peoples,831,
2021-10-02,Asian,101,
2021-10-02,"Middle Eastern, Latin American and African (MELAA)",16,
2021-10-02,European or Other,97,
2021-10-02,Unknown,8,
2021-10-03,Māori,251,
2021-10-03,Pacific peoples,841,
2021-10-03,Asian,109,
2021-10-03,"Middle Eastern, Latin American and African (MELAA)",14,
2021-10-03,European or Other,105,
2021-10-03,Unknown,8,
2021-10-04,Māori,264,
2021-10-04,Pacific peoples,849,
2021-10-04,Asian,109,
2021-10-04,"Middle Eastern, Latin American and African (MELAA)",14,
2021-10-04,European or Other,113,
2021-10-04,Unknown,8,
2021-10-05,Māori,275,
2021-10-05,Pacific peoples,852,
2021-10-05,Asian,112,
2021-10-05,"Middle Eastern, Latin American and African (MELAA)",14,
2021-10-05,European or Other,115,
2021-10-05,Unknown,13,
2021-10-06,Māori,292,
2021-10-06,Pacific peoples,860,
2021-10-06,Asian,114,
2021-10-06,"Middle Eastern, Latin American and African (MELAA)",14,
2021-10-06,European or Other,124,
2021-10-06,Unknown,16,
2021-10-07,Māori,305,
2021-10-07,Pacific peoples,866,
2021-10-07,Asian,114,
2021-10-07,"Middle Eastern, Latin American and African (MELAA)",14,
2021-10-07,European or Other,129,
2021-10-07,Unknown,20,
2021-10-08,Māori,332,
2021-10-08,Pacific peoples,877,
2021-10-08,Asian,114,
2021-10-08,"Middle Eastern, Latin American and African (MELAA)",14,
2021-10-08,European or Other,142,
2021-10-08,Unknown,14,
2021-10-09,Māori,347,
2021-10-09,Pacific peoples,879,
2021-10-09,Asian,117,
2021-10-09,"Middle Eastern, Latin American and African (MELAA)",15,
2021-10-09,European or Other,155,
2021-10-09,Unknown,14,
2021-10-10,Māori,377,
2021-10-10,Pacific peoples,891,
2021-10-10,Asian,117,
2021-10-10,"Middle Eastern, Latin American and African (MELAA)",15,
2021-10-10,European or Other,172,
2021-10-10,Unknown,15,
2021-10-11,Māori,390,
2021-10-11,Pacific peoples,899,
2021-10-11,Asian,119,
2021-10-11,"Middle Eastern, Latin American and African (MELAA)",16,
2021-10-11,European or Other,183,
2021-10-11,Unknown,15,
2021-10-12,Māori,409,
2021-10-12,Pacific peoples,910,
2021-10-12,Asian,121,
2021-10-12,"Middle Eastern, Latin American and African (MELAA)",16,
2021-10-12,European or Other,193,
2021-10-12,Unknown,15,
2021-10-13,Māori,436,
2021-10-13,Pacific peoples,922,
2021-10-13,Asian,124,
2021-10-13,"Middle Eastern, Latin American and African (MELAA)",17,
2021-10-13,European or Other,202,
2021-10-13,Unknown,18,
2021-10-14,Māori,473,39
2021-10-14,Pacific peoples,932,105
2021-10-14,Asian,125,6
2021-10-14,"Middle Eastern, Latin American and African (MELAA)",17,2
2021-10-14,European or Other,222,16
2021-10-14,Unknown,21,2
2021-10-14,Total,1790,170
2021-10-15,Māori,496,41
2021-10-15,Pacific peoples,948,105
2021-10-15,Asian,130,6
2021-10-15,"Middle Eastern, Latin American and African (MELAA)",17,2
2021-10-15,European or Other,241,17
2021-10-15,Unknown,23,2
2021-10-15,Total,1855,173
2021-10-16,Māori,510,41
2021-10-16,Pacific peoples,956,105
2021-10-16,Asian,131,6
2021-10-16,"Middle Eastern, Latin American and African (MELAA)",18,2
2021-10-16,European or Other,257,19
2021-10-16,Unknown,23,2
2021-10-16,Total,1895,175
2021-10-17,Māori,529,42
2021-10-17,Pacific peoples,966,106
2021-10-17,Asian,134,6
2021-10-17,"Middle Eastern, Latin American and African (MELAA)",18,2
2021-10-17,European or Other,274,21
2021-10-17,Unknown,24,1
2021-10-17,Total,1945,178
2021-10-18,Māori,560,42
2021-10-18,Pacific peoples,974,107
2021-10-18,Asian,139,6
2021-10-18,"Middle Eastern, Latin American and African (MELAA)",19,2
2021-10-18,European or Other,285,21
2021-10-18,Unknown,28,1
2021-10-18,Total,2005,179
2021-10-19,Māori,599,43
2021-10-19,Pacific peoples,989,107
2021-10-19,Asian,143,6
2021-10-19,"Middle Eastern, Latin American and African (MELAA)",20,2
2021-10-19,European or Other,321,21
2021-10-19,Unknown,27,2
2021-10-19,Total,2099,181
2021-10-20,Māori,627,44
2021-10-20,Pacific peoples,1000,111
2021-10-20,Asian,143,6
2021-10-20,"Middle Eastern, Latin American and African (MELAA)",21,2
2021-10-20,European or Other,340,23
2021-10-20,Unknown,27,2
2021-10-20,Total,2158,188
2021-10-21,Māori,673,46
2021-10-21,Pacific peoples,1015,113
2021-10-21,Asian,148,7
2021-10-21,"Middle Eastern, Latin American and African (MELAA)",22,2
2021-10-21,European or Other,370,26
2021-10-21,Unknown,32,2
2021-10-21,Total,2260,196
2021-10-22,Māori,725,49
2021-10-22,Pacific peoples,1034,115
2021-10-22,Asian,152,7
2021-10-22,"Middle Eastern, Latin American and African (MELAA)",28,2
2021-10-22,European or Other,422,32
2021-10-22,Unknown,28,2
2021-10-22,Total,2389,207
2021-10-23,Māori,770,51
2021-10-23,Pacific peoples,1047,115
2021-10-23,Asian,157,8
2021-10-23,"Middle Eastern, Latin American and African (MELAA)",30,2
2021-10-23,European or Other,457,33
2021-10-23,Unknown,31,2
2021-10-23,Total,2492,211
2021-10-25,Māori,854,54
2021-10-25,Pacific peoples,1077,118
2021-10-25,Asian,171,8
2021-10-25,"Middle Eastern, Latin American and African (MELAA)",31,2
2021-10-25,European or Other,509,38
2021-10-25,Unknown,39,4
2021-10-25,Total,2681,224
2021-10-26,Māori,884,54
2021-10-26,Pacific peoples,1095,119
2021-10-26,Asian,175,8
2021-10-26,"Middle Eastern, Latin American and African (MELAA)",35,2
2021-10-26,European or Other,531,38
2021-10-26,Unknown,39,3
2021-10-26,Total,2759,224
2021-10-27,Māori,924,59
2021-10-27,Pacific peoples,1101,119
2021-10-27,Asian,180,8
2021-10-27,"Middle Eastern, Latin American and African (MELAA)",35,2
2021-10-27,European or Other,552,40
2021-10-27,Unknown,40,3
2021-10-27,Total,2832,231
2021-10-28,Māori,961,62
2021-10-28,Pacific peoples,1123,121
2021-10-28,Asian,182,8
2021-10-28,"Middle Eastern, Latin American and African (MELAA)",37,2
2021-10-28,European or Other,577,40
2021-10-28,Unknown,41,3
2021-10-28,Total,2921,236
2021-10-29,Māori,1002,65
2021-10-29,Pacific peoples,1160,122
2021-10-29,Asian,191,8
2021-10-29,"Middle Eastern, Latin American and African (MELAA)",41,3
2021-10-29,European or Other,607,40
2021-10-29,Unknown,45,3
2021-10-29,Total,3046,241
2021-10-30,Māori,1078,67
2021-10-30,Pacific peoples,1181,123
2021-10-30,Asian,202,8
2021-10-30,"Middle Eastern, Latin American and African (MELAA)",43,4
2021-10-30,European or Other,652,42
2021-10-30,Unknown,49,3
2021-10-30,Total,3205,247
2021-10-31,Māori,1147,71
2021-10-31,Pacific peoples,1208,125
2021-10-31,Asian,211,8
2021-10-31,"Middle Eastern, Latin American and African (MELAA)",44,5
2021-10-31,European or Other,688,43
2021-10-31,Unknown,50,3
2021-10-31,Total,3348,255
2021-11-01,Māori,1226,71
2021-11-01,Pacific peoples,1231,125
2021-11-01,Asian,214,8
2021-11-01,"Middle Eastern, Latin American and African (MELAA)",47,5
2021-11-01,European or Other,736,47
2021-11-01,Unknown,56,4
2021-11-01,Total,3510,260
2021-11-02,Māori,1277,73
2021-11-02,Pacific peoples,1261,126
2021-11-02,Asian,222,8
2021-11-02,"Middle Eastern, Latin American and African (MELAA)",48,5
2021-11-02,European or Other,768,48
2021-11-02,Unknown,58,3
2021-11-02,Total,3634,263
2021-11-03,Māori,1325,77
2021-11-03,Pacific peoples,1283,126
2021-11-03,Asian,228,9
2021-11-03,"Middle Eastern, Latin American and African (MELAA)",48,5
2021-11-03,European or Other,789,51
2021-11-03,Unknown,60,4
2021-11-03,Total,3733,272
2021-11-05,Māori,1449,79
2021-11-05,Pacific peoples,1343,127
2021-11-05,Asian,254,12
2021-11-05,"Middle Eastern, Latin American and African (MELAA)",52,5
2021-11-05,European or Other,867,58
2021-11-05,Unknown,69,4
2021-11-05,Total,4034,285
2021-11-11,Māori,1893,93
2021-11-11,Pacific peoples,1564,131
2021-11-11,Asian,315,14
2021-11-11,"Middle Eastern, Latin American and African (MELAA)",74,6
2021-11-11,European or Other,1088,68
2021-11-11,Unknown,64,3
2021-11-11,Total,4998,315
2021-11-15,Māori,NA,NA
2021-11-15,Pacific peoples,1727,137
2021-11-15,Asian,339,16
2021-11-15,"Middle Eastern, Latin American and African (MELAA)",NA,NA
2021-11-15,European or Other,1206,75
2021-11-15,Unknown,66,3
2021-11-15,Total,5751,339
2021-11-17,Māori,2560,110
2021-11-17,Pacific peoples,1820,141
2021-11-17,Asian,355,17
2021-11-17,"Middle Eastern, Latin American and African (MELAA)",92,6
2021-11-17,European or Other,1268,81
2021-11-17,Unknown,72,3
2021-11-17,Total,6167,358
2021-11-18,Māori,2651,112
2021-11-18,Pacific peoples,1854,144
2021-11-18,Asian,360,17
2021-11-18,"Middle Eastern, Latin American and African (MELAA)",94,6
2021-11-18,European or Other,1286,82
2021-11-18,Unknown,89,3
2021-11-18,Total,6334,364
2021-11-20,Māori,2846,116
2021-11-20,Pacific peoples,1950,146
2021-11-20,Asian,379,17
2021-11-20,"Middle Eastern, Latin American and African (MELAA)",95,6
2021-11-20,European or Other,1349,84
2021-11-20,Unknown,82,3
2021-11-20,Total,6701,372
2021-11-21,Māori,2931,119
2021-11-21,Pacific peoples,1989,148
2021-11-21,Asian,384,17
2021-11-21,"Middle Eastern, Latin American and African (MELAA)",96,6
2021-11-21,European or Other,1366,85
2021-11-21,Unknown,84,3
2021-11-21,Total,6850,378
2021-11-22,Māori,3036,123
2021-11-22,Pacific peoples,2043,150
2021-11-22,Asian,394,18
2021-11-22,"Middle Eastern, Latin American and African (MELAA)",98,6
2021-11-22,European or Other,1397,87
2021-11-22,Unknown,86,3
2021-11-22,Total,7054,387
2021-11-23,Māori,3144,127
2021-11-23,Pacific peoples,2110,150
2021-11-23,Asian,402,19
2021-11-23,"Middle Eastern, Latin American and African (MELAA)",100,7
2021-11-23,European or Other,1416,88
2021-11-23,Unknown,96,3
2021-11-23,Total,7268,394
2021-11-24,Māori,3258,131
2021-11-24,Pacific peoples,2168,152
2021-11-24,Asian,418,20
2021-11-24,"Middle Eastern, Latin American and African (MELAA)",102,7
2021-11-24,European or Other,1446,88
2021-11-24,Unknown,92,3
2021-11-24,Total,7484,401
2021-11-25,Māori,3361,136
2021-11-25,Pacific peoples,2211,154
2021-11-25,Asian,423,20
2021-11-25,"Middle Eastern, Latin American and African (MELAA)",105,7
2021-11-25,European or Other,1465,88
2021-11-25,Unknown,95,3
2021-11-25,Total,7660,408
2021-11-26,Māori,3462,142
2021-11-26,Pacific peoples,2252,156
2021-11-26,Asian,430,20
2021-11-26,"Middle Eastern, Latin American and African (MELAA)",107,7
2021-11-26,European or Other,1486,89
2021-11-26,Unknown,95,3
2021-11-26,Total,7832,417
2021-11-27,Māori,3537,143
2021-11-27,Pacific peoples,2287,157
2021-11-27,Asian,443,20
2021-11-27,"Middle Eastern, Latin American and African (MELAA)",108,7
2021-11-27,European or Other,1499,90
2021-11-27,Unknown,101,3
2021-11-27,Total,7975,420
2021-11-28,Māori,3618,146
2021-11-28,Pacific peoples,2326,162
2021-11-28,Asian,447,20
2021-11-28,"Middle Eastern, Latin American and African (MELAA)",109,7
2021-11-28,European or Other,1517,92
2021-11-28,Unknown,101,3
2021-11-28,Total,8118,430
2021-11-29,Māori,3707,154
2021-11-29,Pacific peoples,2385,166
2021-11-29,Asian,457,20
2021-11-29,"Middle Eastern, Latin American and African (MELAA)",113,7
2021-11-29,European or Other,1533,92
2021-11-29,Unknown,103,3
2021-11-29,Total,8298,442
2021-11-30,Māori,3773,155
2021-11-30,Pacific peoples,2421,168
2021-11-30,Asian,465,20
2021-11-30,"Middle Eastern, Latin American and African (MELAA)",113,7
2021-11-30,European or Other,1552,92
2021-11-30,Unknown,107,3
2021-11-30,Total,8431,445
2021-12-01,Māori,3847,157
2021-12-01,Pacific peoples,2470,169
2021-12-01,Asian,467,20
2021-12-01,"Middle Eastern, Latin American and African (MELAA)",113,7
2021-12-01,European or Other,1571,92
2021-12-01,Unknown,106,3
2021-12-01,Total,8574,448
2021-12-02,Māori,3932,165
2021-12-02,Pacific peoples,2523,169
2021-12-02,Asian,478,20
2021-12-02,"Middle Eastern, Latin American and African (MELAA)",117,7
2021-12-02,European or Other,1586,93
2021-12-02,Unknown,109,3
2021-12-02,Total,8745,457
2021-12-03,Māori,3968,165
2021-12-03,Pacific peoples,2560,171
2021-12-03,Asian,482,21
2021-12-03,"Middle Eastern, Latin American and African (MELAA)",119,7
2021-12-03,European or Other,1597,93
2021-12-03,Unknown,110,3
2021-12-03,Total,8836,460
2021-12-04,Māori,4035,166
2021-12-04,Pacific peoples,2574,171
2021-12-04,Asian,486,21
2021-12-04,"Middle Eastern, Latin American and African (MELAA)",121,7
2021-12-04,European or Other,1603,93
2021-12-04,Unknown,112,3
2021-12-04,Total,8931,461
2021-12-05,Māori,4088,169
2021-12-05,Pacific peoples,2600,171
2021-12-05,Asian,490,21
2021-12-05,"Middle Eastern, Latin American and African (MELAA)",131,7
2021-12-05,European or Other,1617,93
2021-12-05,Unknown,111,4
2021-12-05,Total,9037,465
2021-12-06,Māori,4155,174
2021-12-06,Pacific peoples,2646,173
2021-12-06,Asian,497,21
2021-12-06,"Middle Eastern, Latin American and African (MELAA)",133,7
2021-12-06,European or Other,1628,96
2021-12-06,Unknown,112,4
2021-12-06,Total,9171,475
2021-12-07,Māori,4200,179
2021-12-07,Pacific peoples,2674,174
2021-12-07,Asian,502,21
2021-12-07,"Middle Eastern, Latin American and African (MELAA)",137,7
2021-12-07,European or Other,1642,97
2021-12-07,Unknown,112,4
2021-12-07,Total,9267,482
2021-12-08,Māori,4247,183
2021-12-08,Pacific peoples,2702,175
2021-12-08,Asian,505,21
2021-12-08,"Middle Eastern, Latin American and African (MELAA)",137,7
2021-12-08,European or Other,1646,97
2021-12-08,Unknown,117,4
2021-12-08,Total,9354,487
2021-12-09,Māori,4288,183
2021-12-09,Pacific peoples,2731,177
2021-12-09,Asian,518,21
2021-12-09,"Middle Eastern, Latin American and African (MELAA)",139,7
2021-12-09,European or Other,1660,97
2021-12-09,Unknown,121,4
2021-12-09,Total,9457,489
2021-12-10,Māori,4329,184
2021-12-10,Pacific peoples,2761,176
2021-12-10,Asian,524,21
2021-12-10,"Middle Eastern, Latin American and African (MELAA)",139,7
2021-12-10,European or Other,1672,98
2021-12-10,Unknown,127,4
2021-12-10,Total,9552,490
2021-12-11,Māori,4351,185
2021-12-11,Pacific peoples,2782,176
2021-12-11,Asian,531,21
2021-12-11,"Middle Eastern, Latin American and African (MELAA)",140,7
2021-12-11,European or Other,1679,98
2021-12-11,Unknown,130,4
2021-12-11,Total,9613,491
2021-12-12,Māori,4427,189
2021-12-12,Pacific peoples,2828,177
2021-12-12,Asian,540,21
2021-12-12,"Middle Eastern, Latin American and African (MELAA)",147,7
2021-12-12,European or Other,1705,97
2021-12-12,Unknown,67,1
2021-12-12,Total,9714,492
2021-12-13,Māori,4464,191
2021-12-13,Pacific peoples,2888,178
2021-12-13,Asian,543,21
2021-12-13,"Middle Eastern, Latin American and African (MELAA)",148,7
2021-12-13,European or Other,1707,97
2021-12-13,Unknown,64,1
2021-12-13,Total,9814,495
2021-12-14,Māori,4520,193
2021-12-14,Pacific peoples,2920,178
2021-12-14,Asian,553,22
2021-12-14,"Middle Eastern, Latin American and African (MELAA)",148,7
2021-12-14,European or Other,1711,97
2021-12-14,Unknown,38,1
2021-12-14,Total,9890,498
2021-12-15,Māori,4561,198
2021-12-15,Pacific peoples,2937,182
2021-12-15,Asian,559,22
2021-12-15,"Middle Eastern, Latin American and African (MELAA)",148,7
2021-12-15,European or Other,1726,98
2021-12-15,Unknown,32,1
2021-12-15,Total,9963,508
2021-12-16,Māori,4594,198
2021-12-16,Pacific peoples,2958,183
2021-12-16,Asian,565,24
2021-12-16,"Middle Eastern, Latin American and African (MELAA)",150,7
2021-12-16,European or Other,1741,102
2021-12-16,Unknown,46,2
2021-12-16,Total,10054,516
2021-12-17,Māori,4630,200
2021-12-17,Pacific peoples,2979,184
2021-12-17,Asian,571,24
2021-12-17,"Middle Eastern, Latin American and African (MELAA)",152,7
2021-12-17,European or Other,1753,102
2021-12-17,Unknown,44,2
2021-12-17,Total,10129,519
2021-12-18,Māori,4647,202
2021-12-18,Pacific peoples,2990,184
2021-12-18,Asian,577,24
2021-12-18,"Middle Eastern, Latin American and African (MELAA)",152,7
2021-12-18,European or Other,1760,101
2021-12-18,Unknown,42,2
2021-12-18,Total,10168,520
2021-12-18,Māori,4670,202
2021-12-18,Pacific peoples,3005,185
2021-12-18,Asian,584,24
2021-12-18,"Middle Eastern, Latin American and African (MELAA)",152,7
2021-12-18,European or Other,1767,101
2021-12-18,Unknown,42,2
2021-12-18,Total,10220,521
2021-12-19,Māori,4670,202
2021-12-19,Pacific peoples,3005,185
2021-12-19,Asian,584,24
2021-12-19,"Middle Eastern, Latin American and African (MELAA)",152,7
2021-12-19,European or Other,1767,101
2021-12-19,Unknown,42,2
2021-12-19,Total,10220,521
2021-12-19,Māori,4698,202
2021-12-19,Pacific peoples,3029,186
2021-12-19,Asian,590,25
2021-12-19,"Middle Eastern, Latin American and African (MELAA)",156,7
2021-12-19,European or Other,1777,103
2021-12-19,Unknown,39,2
2021-12-19,Total,10289,525
2021-12-20,Māori,4723,205
2021-12-20,Pacific peoples,3036,186
2021-12-20,Asian,593,25
2021-12-20,"Middle Eastern, Latin American and African (MELAA)",158,7
2021-12-20,European or Other,1783,106
2021-12-20,Unknown,27,2
2021-12-20,Total,10320,531
2021-12-21,Māori,4752,207
2021-12-21,Pacific peoples,3050,187
2021-12-21,Asian,599,26
2021-12-21,"Middle Eastern, Latin American and African (MELAA)",164,7
2021-12-21,European or Other,1791,106
2021-12-21,Unknown,19,1
2021-12-21,Total,10375,534
2021-12-22,Māori,4777,211
2021-12-22,Pacific peoples,3070,189
2021-12-22,Asian,606,26
2021-12-22,"Middle Eastern, Latin American and African (MELAA)",166,7
2021-12-22,European or Other,1798,109
2021-12-22,Unknown,13,0
2021-12-22,Total,10430,542
2021-12-23,Māori,4801,212
2021-12-23,Pacific peoples,3084,189
2021-12-23,Asian,610,27
2021-12-23,"Middle Eastern, Latin American and African (MELAA)",168,7
2021-12-23,European or Other,1811,109
2021-12-23,Unknown,17,0
2021-12-23,Total,10491,544
2021-12-25,Māori,4839,217
2021-12-25,Pacific peoples,3131,190
2021-12-25,Asian,625,27
2021-12-25,"Middle Eastern, Latin American and African (MELAA)",174,7
2021-12-25,European or Other,1829,113
2021-12-25,Unknown,19,0
2021-12-25,Total,10617,554
2021-12-26,Māori,4850,217
2021-12-26,Pacific peoples,3140,190
2021-12-26,Asian,630,27
2021-12-26,"Middle Eastern, Latin American and African (MELAA)",174,7
2021-12-26,European or Other,1836,116
2021-12-26,Unknown,21,2
2021-12-26,Total,10651,559
2021-12-27,Māori,4855,217
2021-12-27,Pacific peoples,3144,190
2021-12-27,Asian,635,27
2021-12-27,"Middle Eastern, Latin American and African (MELAA)",176,8
2021-12-27,European or Other,1839,116
2021-12-27,Unknown,19,1
2021-12-27,Total,10668,559
2021-12-28,Māori,4869,218
2021-12-28,Pacific peoples,3159,191
2021-12-28,Asian,644,27
2021-12-28,"Middle Eastern, Latin American and African (MELAA)",178,8
2021-12-28,European or Other,1845,115
2021-12-28,Unknown,21,1
2021-12-28,Total,10716,560
2021-12-29,Māori,4883,219
2021-12-29,Pacific peoples,3175,192
2021-12-29,Asian,645,28
2021-12-29,"Middle Eastern, Latin American and African (MELAA)",183,9
2021-12-29,European or Other,1867,115
2021-12-29,Unknown,23,1
2021-12-29,Total,10776,564
2021-12-30,Māori,4907,221
2021-12-30,Pacific peoples,3184,193
2021-12-30,Asian,650,28
2021-12-30,"Middle Eastern, Latin American and African (MELAA)",183,10
2021-12-30,European or Other,1878,116
2021-12-30,Unknown,23,1
2021-12-30,Total,10825,569
2022-01-01,Māori,4941,224
2022-01-01,Pacific peoples,3213,194
2022-01-01,Asian,658,28
2022-01-01,"Middle Eastern, Latin American and African (MELAA)",184,10
2022-01-01,European or Other,1910,117
2022-01-01,Unknown,22,0
2022-01-01,Total,10928,573
2022-01-02,Māori,4948,224
2022-01-02,Pacific peoples,3217,195
2022-01-02,Asian,659,28
2022-01-02,"Middle Eastern, Latin American and African (MELAA)",185,10
2022-01-02,European or Other,1925,118
2022-01-02,Unknown,21,0
2022-01-02,Total,10955,575
2022-01-03,Māori,4958,225
2022-01-03,Pacific peoples,3224,196
2022-01-03,Asian,659,28
2022-01-03,"Middle Eastern, Latin American and African (MELAA)",185,10
2022-01-03,European or Other,1939,119
2022-01-03,Unknown,21,0
2022-01-03,Total,10986,578
2022-01-04,Māori,4964,226
2022-01-04,Pacific peoples,3226,196
2022-01-04,Asian,659,28
2022-01-04,"Middle Eastern, Latin American and African (MELAA)",185,10
2022-01-04,European or Other,1947,120
2022-01-04,Unknown,22,0
2022-01-04,Total,11003,580
2022-01-05,Māori,4970,227
2022-01-05,Pacific peoples,3229,196
2022-01-05,Asian,661,28
2022-01-05,"Middle Eastern, Latin American and African (MELAA)",186,10
2022-01-05,European or Other,1958,121
2022-01-05,Unknown,18,0
2022-01-05,Total,11022,582
2022-01-06,Māori,4986,228
2022-01-06,Pacific peoples,3235,199
2022-01-06,Asian,666,28
2022-01-06,"Middle Eastern, Latin American and African (MELAA)",187,10
2022-01-06,European or Other,1968,123
2022-01-06,Unknown,15,0
2022-01-06,Total,11057,588
2022-01-08,Māori,5010,228
2022-01-08,Pacific peoples,3256,199
2022-01-08,Asian,676,28
2022-01-08,"Middle Eastern, Latin American and African (MELAA)",195,10
2022-01-08,European or Other,1997,123
2022-01-08,Unknown,8,0
2022-01-08,Total,11142,588
2022-01-09,Māori,5017,229
2022-01-09,Pacific peoples,3264,199
2022-01-09,Asian,678,28
2022-01-09,"Middle Eastern, Latin American and African (MELAA)",195,10
2022-01-09,European or Other,2007,123
2022-01-09,Unknown,8,0
2022-01-09,Total,11169,589
2022-01-10,Māori,5019,231
2022-01-10,Pacific peoples,3264,199
2022-01-10,Asian,682,28
2022-01-10,"Middle Eastern, Latin American and African (MELAA)",196,10
2022-01-10,European or Other,2014,123
2022-01-10,Unknown,8,0
2022-01-10,Total,11183,591
2022-01-11,Māori,5026,231
2022-01-11,Pacific peoples,3266,201
2022-01-11,Asian,687,28
2022-01-11,"Middle Eastern, Latin American and African (MELAA)",197,10
2022-01-11,European or Other,2024,124
2022-01-11,Unknown,10,0
2022-01-11,Total,11210,594
2022-01-12,Māori,5038,231
2022-01-12,Pacific peoples,3266,201
2022-01-12,Asian,687,28
2022-01-12,"Middle Eastern, Latin American and African (MELAA)",197,10
2022-01-12,European or Other,2038,124
2022-01-12,Unknown,10,0
2022-01-12,Total,11236,594
2022-01-13,Māori,5049,234
2022-01-13,Pacific peoples,3266,202
2022-01-13,Asian,687,28
2022-01-13,"Middle Eastern, Latin American and African (MELAA)",197,10
2022-01-13,European or Other,2045,124
2022-01-13,Unknown,10,0
2022-01-13,Total,11254,598
2022-01-14,Māori,5065,234
2022-01-14,Pacific peoples,3269,202
2022-01-14,Asian,689,28
2022-01-14,"Middle Eastern, Latin American and African (MELAA)",197,10
2022-01-14,European or Other,2050,125
2022-01-14,Unknown,11,0
2022-01-14,Total,11281,599
2022-01-15,Māori,5070,235
2022-01-15,Pacific peoples,3271,202
2022-01-15,Asian,695,28
2022-01-15,"Middle Eastern, Latin American and African (MELAA)",197,10
2022-01-15,European or Other,2060,124
2022-01-15,Unknown,13,0
2022-01-15,Total,11306,599
2022-01-16,Māori,5081,235
2022-01-16,Pacific peoples,3271,202
2022-01-16,Asian,695,28
2022-01-16,"Middle Eastern, Latin American and African (MELAA)",197,10
2022-01-16,European or Other,2066,125
2022-01-16,Unknown,12,0
2022-01-16,Total,11322,600
2022-01-17,Māori,5086,236
2022-01-17,Pacific peoples,3275,202
2022-01-17,Asian,696,29
2022-01-17,"Middle Eastern, Latin American and African (MELAA)",197,10
2022-01-17,European or Other,2070,126
2022-01-17,Unknown,13,0
2022-01-17,Total,11337,603
2022-01-18,Māori,5097,237
2022-01-18,Pacific peoples,3279,203
2022-01-18,Asian,698,29
2022-01-18,"Middle Eastern, Latin American and African (MELAA)",197,10
2022-01-18,European or Other,2076,126
2022-01-18,Unknown,13,0
2022-01-18,Total,11360,605
2022-01-19,Māori,5110,238
2022-01-19,Pacific peoples,3284,206
2022-01-19,Asian,707,29
2022-01-19,"Middle Eastern, Latin American and African (MELAA)",196,10
2022-01-19,European or Other,2087,127
2022-01-19,Unknown,15,0
2022-01-19,Total,11399,610
2022-01-20,Māori,5120,238
2022-01-20,Pacific peoples,3290,206
2022-01-20,Asian,714,29
2022-01-20,"Middle Eastern, Latin American and African (MELAA)",196,10
2022-01-20,European or Other,2088,127
2022-01-20,Unknown,15,0
2022-01-20,Total,11423,610
2022-01-21,Māori,5138,238
2022-01-21,Pacific peoples,3295,207
2022-01-21,Asian,731,29
2022-01-21,"Middle Eastern, Latin American and African (MELAA)",196,10
2022-01-21,European or Other,2091,128
2022-01-21,Unknown,15,0
2022-01-21,Total,11466,612
2022-01-22,Māori,5145,238
2022-01-22,Pacific peoples,3298,207
2022-01-22,Asian,743,29
2022-01-22,"Middle Eastern, Latin American and African (MELAA)",196,10
2022-01-22,European or Other,2091,128
2022-01-22,Unknown,17,0
2022-01-22,Total,11490,612
2022-01-23,Māori,5151,238
2022-01-23,Pacific peoples,3300,207
2022-01-23,Asian,750,29
2022-01-23,"Middle Eastern, Latin American and African (MELAA)",196,10
2022-01-23,European or Other,2097,128
2022-01-23,Unknown,21,0
2022-01-23,Total,11515,612
2022-01-24,Māori,5159,241
2022-01-24,Pacific peoples,3303,207
2022-01-24,Asian,763,29
2022-01-24,"Middle Eastern, Latin American and African (MELAA)",196,10
2022-01-24,European or Other,2099,128
2022-01-24,Unknown,21,0
2022-01-24,Total,11541,615
2022-01-25,Māori,5166,242
2022-01-25,Pacific peoples,3308,208
2022-01-25,Asian,770,29
2022-01-25,"Middle Eastern, Latin American and African (MELAA)",196,10
2022-01-25,European or Other,2102,128
2022-01-25,Unknown,22,0
2022-01-25,Total,11564,617
2022-01-26,Māori,5186,242
2022-01-26,Pacific peoples,3311,208
2022-01-26,Asian,788,29
2022-01-26,"Middle Eastern, Latin American and African (MELAA)",196,10
2022-01-26,European or Other,2105,128
2022-01-26,Unknown,24,0
2022-01-26,Total,11610,617
2022-01-27,Māori,5193,241
2022-01-27,Pacific peoples,3324,208
2022-01-27,Asian,849,29
2022-01-27,"Middle Eastern, Latin American and African (MELAA)",197,10
2022-01-27,European or Other,2125,128
2022-01-27,Unknown,25,0
2022-01-27,Total,11713,616
2022-01-28,Māori,5201,242
2022-01-28,Pacific peoples,3331,208
2022-01-28,Asian,904,29
2022-01-28,"Middle Eastern, Latin American and African (MELAA)",198,10
2022-01-28,European or Other,2142,129
2022-01-28,Unknown,35,0
2022-01-28,Total,11811,618
2022-01-29,Māori,5220,242
2022-01-29,Pacific peoples,3341,208
2022-01-29,Asian,951,29
2022-01-29,"Middle Eastern, Latin American and African (MELAA)",198,10
2022-01-29,European or Other,2161,129
2022-01-29,Unknown,43,0
2022-01-29,Total,11914,618
2022-01-30,Māori,5225,242
2022-01-30,Pacific peoples,3351,209
2022-01-30,Asian,1001,29
2022-01-30,"Middle Eastern, Latin American and African (MELAA)",198,10
2022-01-30,European or Other,2182,129
2022-01-30,Unknown,48,0
2022-01-30,Total,12005,619
2022-01-31,Māori,5228,243
2022-01-31,Pacific peoples,3371,210
2022-01-31,Asian,1073,29
2022-01-31,"Middle Eastern, Latin American and African (MELAA)",201,10
2022-01-31,European or Other,2203,129
2022-01-31,Unknown,55,0
2022-01-31,Total,12131,621
2022-02-01,Māori,5243,243
2022-02-01,Pacific peoples,3401,210
2022-02-01,Asian,1133,29
2022-02-01,"Middle Eastern, Latin American and African (MELAA)",203,10
2022-02-01,European or Other,2240,129
2022-02-01,Unknown,54,0
2022-02-01,Total,12274,621
2022-02-02,Māori,5263,243
2022-02-02,Pacific peoples,3442,213
2022-02-02,Asian,1180,29
2022-02-02,"Middle Eastern, Latin American and African (MELAA)",204,10
2022-02-02,European or Other,2277,129
2022-02-02,Unknown,55,0
2022-02-02,Total,12421,624
2022-02-03,Māori,5290,243
2022-02-03,Pacific peoples,3488,213
2022-02-03,Asian,1260,30
2022-02-03,"Middle Eastern, Latin American and African (MELAA)",204,10
2022-02-03,European or Other,2326,129
2022-02-03,Unknown,62,0
2022-02-03,Total,12630,625
2022-02-04,Māori,5315,244
2022-02-04,Pacific peoples,3556,215
2022-02-04,Asian,1348,30
2022-02-04,"Middle Eastern, Latin American and African (MELAA)",207,10
2022-02-04,European or Other,2376,129
2022-02-04,Unknown,68,0
2022-02-04,Total,12870,628
2022-02-05,Māori,5332,245
2022-02-05,Pacific peoples,3602,216
2022-02-05,Asian,1456,30
2022-02-05,"Middle Eastern, Latin American and African (MELAA)",207,10
2022-02-05,European or Other,2404,130
2022-02-05,Unknown,77,0
2022-02-05,Total,13078,631
2022-02-06,Māori,5350,247
2022-02-06,Pacific peoples,3654,216
2022-02-06,Asian,1528,30
2022-02-06,"Middle Eastern, Latin American and African (MELAA)",211,10
2022-02-06,European or Other,2434,130
2022-02-06,Unknown,89,0
2022-02-06,Total,13266,633
2022-02-07,Māori,5363,247
2022-02-07,Pacific peoples,3708,217
2022-02-07,Asian,1611,30
2022-02-07,"Middle Eastern, Latin American and African (MELAA)",218,10
2022-02-07,European or Other,2474,130
2022-02-07,Unknown,94,0
2022-02-07,Total,13468,634
2022-02-08,Māori,5387,247
2022-02-08,Pacific peoples,3748,218
2022-02-08,Asian,1706,30
2022-02-08,"Middle Eastern, Latin American and African (MELAA)",226,10
2022-02-08,European or Other,2504,131
2022-02-08,Unknown,100,0
2022-02-08,Total,13671,636
2022-02-09,Māori,5448,249
2022-02-09,Pacific peoples,3843,220
2022-02-09,Asian,1809,30
2022-02-09,"Middle Eastern, Latin American and African (MELAA)",232,10
2022-02-09,European or Other,2545,131
2022-02-09,Unknown,100,0
2022-02-09,Total,13977,640
2022-02-10,Māori,5493,250
2022-02-10,Pacific peoples,4024,224
2022-02-10,Asian,1933,30
2022-02-10,"Middle Eastern, Latin American and African (MELAA)",239,10
2022-02-10,European or Other,2603,131
2022-02-10,Unknown,129,0
2022-02-10,Total,14421,645
2022-02-11,Māori,5536,251
2022-02-11,Pacific peoples,4201,224
2022-02-11,Asian,2062,30
2022-02-11,"Middle Eastern, Latin American and African (MELAA)",244,10
2022-02-11,European or Other,2677,134
2022-02-11,Unknown,154,0
2022-02-11,Total,14874,649
2022-02-13,Māori,5733,253
2022-02-13,Pacific peoples,5116,228
2022-02-13,Asian,2441,34
2022-02-13,"Middle Eastern, Latin American and African (MELAA)",288,10
2022-02-13,European or Other,3019,136
2022-02-13,Unknown,18,0
2022-02-13,Total,16615,661
2022-02-14,Māori,5854,254
2022-02-14,Pacific peoples,5449,228
2022-02-14,Asian,2567,36
2022-02-14,"Middle Eastern, Latin American and African (MELAA)",301,10
2022-02-14,European or Other,3160,136
2022-02-14,Unknown,23,0
2022-02-14,Total,17354,664
2022-02-15,Māori,5976,255
2022-02-15,Pacific peoples,6016,229
2022-02-15,Asian,2757,37
2022-02-15,"Middle Eastern, Latin American and African (MELAA)",330,10
2022-02-15,European or Other,3399,137
2022-02-15,Unknown,30,0
2022-02-15,Total,18508,668
2022-02-16,Māori,6175,256
2022-02-16,Pacific peoples,6724,232
2022-02-16,Asian,3010,36
2022-02-16,"Middle Eastern, Latin American and African (MELAA)",368,10
2022-02-16,European or Other,3730,138
2022-02-16,Unknown,40,0
2022-02-16,Total,20047,672
2022-02-17,Māori,6423,257
2022-02-17,Pacific peoples,7572,237
2022-02-17,Asian,3285,38
2022-02-17,"Middle Eastern, Latin American and African (MELAA)",402,10
2022-02-17,European or Other,4187,141
2022-02-17,Unknown,75,0
2022-02-17,Total,21944,683
2022-02-18,Māori,6658,257
2022-02-18,Pacific peoples,8350,237
2022-02-18,Asian,3541,38
2022-02-18,"Middle Eastern, Latin American and African (MELAA)",440,10
2022-02-18,European or Other,4671,141
2022-02-18,Unknown,88,0
2022-02-18,Total,23748,683
2022-02-19,Māori,6972,260
2022-02-19,Pacific peoples,9394,241
2022-02-19,Asian,3864,38
2022-02-19,"Middle Eastern, Latin American and African (MELAA)",501,10
2022-02-19,European or Other,5240,144
2022-02-19,Unknown,90,0
2022-02-19,Total,26061,693
2022-02-20,Māori,7257,261
2022-02-20,Pacific peoples,10372,242
2022-02-20,Asian,4155,41
2022-02-20,"Middle Eastern, Latin American and African (MELAA)",555,10
2022-02-20,European or Other,5841,144
2022-02-20,Unknown,98,0
2022-02-20,Total,28278,698
2022-02-21,Māori,7633,267
2022-02-21,Pacific peoples,11497,247
2022-02-21,Asian,4522,44
2022-02-21,"Middle Eastern, Latin American and African (MELAA)",624,10
2022-02-21,European or Other,6714,147
2022-02-21,Unknown,118,0
2022-02-21,Total,31108,715
2022-02-22,Māori,8101,293
2022-02-22,Pacific peoples,12576,378
2022-02-22,Asian,4897,62
2022-02-22,"Middle Eastern, Latin American and African (MELAA)",698,17
2022-02-22,European or Other,7862,205
2022-02-22,Unknown,152,0
2022-02-22,Total,34286,955
2022-02-23,Māori,9002,309
2022-02-23,Pacific peoples,14529,397
2022-02-23,Asian,5617,67
2022-02-23,"Middle Eastern, Latin American and African (MELAA)",837,20
2022-02-23,European or Other,10243,216
2022-02-23,Unknown,178,0
2022-02-23,Total,40406,1009
2022-02-24,Māori,10926,319
2022-02-24,Pacific peoples,18246,428
2022-02-24,Asian,7246,73
2022-02-24,"Middle Eastern, Latin American and African (MELAA)",1138,21
2022-02-24,European or Other,14583,232
2022-02-24,Unknown,262,0
2022-02-24,Total,52401,1073
2022-02-25,Māori,13070,323
2022-02-25,Pacific peoples,22539,447
2022-02-25,Asian,9268,74
2022-02-25,"Middle Eastern, Latin American and African (MELAA)",1500,22
2022-02-25,European or Other,19312,238
2022-02-25,Unknown,327,0
2022-02-25,Total,66016,1104
2022-02-26,Māori,15474,328
2022-02-26,Pacific peoples,27066,467
2022-02-26,Asian,11462,79
2022-02-26,"Middle Eastern, Latin American and African (MELAA)",1886,25
2022-02-26,European or Other,24686,258
2022-02-26,Unknown,407,0
2022-02-26,Total,80981,1157
2022-02-27,Māori,17984,338
2022-02-27,Pacific peoples,31317,501
2022-02-27,Asian,13816,82
2022-02-27,"Middle Eastern, Latin American and African (MELAA)",2222,28
2022-02-27,European or Other,29816,270
2022-02-27,Unknown,496,0
2022-02-27,Total,95651,1219
2022-02-28,Māori,21281,348
2022-02-28,Pacific peoples,36187,534
2022-02-28,Asian,16733,85
2022-02-28,"Middle Eastern, Latin American and African (MELAA)",2692,29
2022-02-28,European or Other,36016,278
2022-02-28,Unknown,741,0
2022-02-28,Total,113650,1274
2022-03-01,Māori,25780,362
2022-03-01,Pacific peoples,42600,555
2022-03-01,Asian,20406,88
2022-03-01,"Middle Eastern, Latin American and African (MELAA)",3311,30
2022-03-01,European or Other,44761,286
2022-03-01,Unknown,888,1
2022-03-01,Total,137746,1322
2022-03-02,Māori,30200,375
2022-03-02,Pacific peoples,48212,597
2022-03-02,Asian,24108,100
2022-03-02,"Middle Eastern, Latin American and African (MELAA)",3859,34
2022-03-02,European or Other,53492,320
2022-03-02,Unknown,1046,1
2022-03-02,Total,160917,1427
2022-03-03,Māori,34371,386
2022-03-03,Pacific peoples,53995,640
2022-03-03,Asian,27873,112
2022-03-03,"Middle Eastern, Latin American and African (MELAA)",4473,35
2022-03-03,European or Other,61583,352
2022-03-03,Unknown,1203,1
2022-03-03,Total,183498,1526
2022-03-04,Māori,38203,409
2022-03-04,Pacific peoples,57900,685
2022-03-04,Asian,30968,125
2022-03-04,"Middle Eastern, Latin American and African (MELAA)",4952,38
2022-03-04,European or Other,69004,380
2022-03-04,Unknown,1348,1
2022-03-04,Total,202375,1638
2022-03-05,Māori,41293,429
2022-03-05,Pacific peoples,60616,725
2022-03-05,Asian,33456,130
2022-03-05,"Middle Eastern, Latin American and African (MELAA)",5312,40
2022-03-05,European or Other,75426,402
2022-03-05,Unknown,1473,1
2022-03-05,Total,217576,1727
2022-03-06,Māori,44852,447
2022-03-06,Pacific peoples,63499,764
2022-03-06,Asian,36254,138
2022-03-06,"Middle Eastern, Latin American and African (MELAA)",5694,41
2022-03-06,European or Other,83232,424
2022-03-06,Unknown,1586,1
2022-03-06,Total,235117,1815
2022-03-07,Māori,50184,464
2022-03-07,Pacific peoples,67296,792
2022-03-07,Asian,39877,146
2022-03-07,"Middle Eastern, Latin American and African (MELAA)",6212,45
2022-03-07,European or Other,93744,445
2022-03-07,Unknown,1724,1
2022-03-07,Total,259037,1893
2022-03-08,Māori,55280,487
2022-03-08,Pacific peoples,70503,840
2022-03-08,Asian,43170,157
2022-03-08,"Middle Eastern, Latin American and African (MELAA)",6716,51
2022-03-08,European or Other,103998,479
2022-03-08,Unknown,1853,1
2022-03-08,Total,281520,2015
2022-03-10,Māori,64968,566
2022-03-10,Pacific peoples,75786,919
2022-03-10,Asian,49412,173
2022-03-10,"Middle Eastern, Latin American and African (MELAA)",7666,63
2022-03-10,European or Other,123638,560
2022-03-10,Unknown,2099,1
2022-03-10,Total,323569,2282
2022-03-11,Māori,69161,610
2022-03-11,Pacific peoples,78003,959
2022-03-11,Asian,52103,187
2022-03-11,"Middle Eastern, Latin American and African (MELAA)",8103,65
2022-03-11,European or Other,132715,622
2022-03-11,Unknown,2209,1
2022-03-11,Total,342294,2444
2022-03-12,Māori,72079,634
2022-03-12,Pacific peoples,79447,1006
2022-03-12,Asian,54333,200
2022-03-12,"Middle Eastern, Latin American and African (MELAA)",8427,65
2022-03-12,European or Other,140219,655
2022-03-12,Unknown,2300,1
2022-03-12,Total,356805,2561
2022-03-13,Māori,75374,649
2022-03-13,Pacific peoples,80853,1016
2022-03-13,Asian,56530,206
2022-03-13,"Middle Eastern, Latin American and African (MELAA)",8735,65
2022-03-13,European or Other,148486,674
2022-03-13,Unknown,2384,1
2022-03-13,Total,372362,2611
2022-03-14,Māori,80458,697
2022-03-14,Pacific peoples,83113,1056
2022-03-14,Asian,59532,214
2022-03-14,"Middle Eastern, Latin American and African (MELAA)",9163,68
2022-03-14,European or Other,159216,722
2022-03-14,Unknown,2520,1
2022-03-14,Total,394002,2758
2022-03-16,Māori,89490,773
2022-03-16,Pacific peoples,86641,1125
2022-03-16,Asian,64642,249
2022-03-16,"Middle Eastern, Latin American and African (MELAA)",9897,70
2022-03-16,European or Other,179628,829
2022-03-16,Unknown,2775,2
2022-03-16,Total,433073,3048
2022-03-17,Māori,92781,786
2022-03-17,Pacific peoples,87848,1166
2022-03-17,Asian,66528,257
2022-03-17,"Middle Eastern, Latin American and African (MELAA)",10184,71
2022-03-17,European or Other,187052,857
2022-03-17,Unknown,2853,1
2022-03-17,Total,447246,3138
2022-03-18,Māori,97052,836
2022-03-18,Pacific peoples,89358,1209
2022-03-18,Asian,68955,274
2022-03-18,"Middle Eastern, Latin American and African (MELAA)",10551,76
2022-03-18,European or Other,196852,927
2022-03-18,Unknown,2989,3
2022-03-18,Total,465757,3325
2022-03-19,Māori,99507,863
2022-03-19,Pacific peoples,90211,1246
2022-03-19,Asian,70522,287
2022-03-19,"Middle Eastern, Latin American and African (MELAA)",10786,78
2022-03-19,European or Other,203640,952
2022-03-19,Unknown,3062,3
2022-03-19,Total,477728,3429
2022-03-20,Māori,102413,881
2022-03-20,Pacific peoples,91125,1272
2022-03-20,Asian,72455,297
2022-03-20,"Middle Eastern, Latin American and African (MELAA)",11035,81
2022-03-20,European or Other,212034,975
2022-03-20,Unknown,3144,3
2022-03-20,Total,492206,3509
2022-03-21,Māori,106453,912
2022-03-21,Pacific peoples,92542,1301
2022-03-21,Asian,74907,314
2022-03-21,"Middle Eastern, Latin American and African (MELAA)",11433,85
2022-03-21,European or Other,224542,1051
2022-03-21,Unknown,3249,4
2022-03-21,Total,513126,3667
2022-03-22,Māori,110851,959
2022-03-22,Pacific peoples,93938,1348
2022-03-22,Asian,77140,326
2022-03-22,"Middle Eastern, Latin American and African (MELAA)",11781,88
2022-03-22,European or Other,236175,1123
2022-03-22,Unknown,3353,4
2022-03-22,Total,533238,3848
2022-03-23,Māori,114812,1010
2022-03-23,Pacific peoples,95221,1400
2022-03-23,Asian,79251,360
2022-03-23,"Middle Eastern, Latin American and African (MELAA)",12146,98
2022-03-23,European or Other,246771,1181
2022-03-23,Unknown,3484,4
2022-03-23,Total,551685,4053
2022-03-24,Māori,118204,1051
2022-03-24,Pacific peoples,96216,1466
2022-03-24,Asian,81113,375
2022-03-24,"Middle Eastern, Latin American and African (MELAA)",12462,101
2022-03-24,European or Other,255992,1242
2022-03-24,Unknown,3581,4
2022-03-24,Total,567568,4239
2022-03-25,Māori,121136,1083
2022-03-25,Pacific peoples,97181,1500
2022-03-25,Asian,82788,396
2022-03-25,"Middle Eastern, Latin American and African (MELAA)",12727,106
2022-03-25,European or Other,264245,1294
2022-03-25,Unknown,3678,5
2022-03-25,Total,581755,4384
2022-03-26,Māori,123034,1103
2022-03-26,Pacific peoples,97797,1524
2022-03-26,Asian,84027,406
2022-03-26,"Middle Eastern, Latin American and African (MELAA)",12901,107
2022-03-26,European or Other,270501,1319
2022-03-26,Unknown,3738,5
2022-03-26,Total,591998,4464
2022-03-27,Māori,125463,1121
2022-03-27,Pacific peoples,98557,1555
2022-03-27,Asian,85477,415
2022-03-27,"Middle Eastern, Latin American and African (MELAA)",13128,108
2022-03-27,European or Other,278458,1360
2022-03-27,Unknown,3803,5
2022-03-27,Total,604886,4564
2022-03-28,Māori,129286,1153
2022-03-28,Pacific peoples,99666,1586
2022-03-28,Asian,88071,421
2022-03-28,"Middle Eastern, Latin American and African (MELAA)",13597,111
2022-03-28,European or Other,289297,1407
2022-03-28,Unknown,4067,5
2022-03-28,Total,623984,4683
2022-03-29,Māori,132578,1189
2022-03-29,Pacific peoples,100623,1619
2022-03-29,Asian,89738,431
2022-03-29,"Middle Eastern, Latin American and African (MELAA)",13850,113
2022-03-29,European or Other,298965,1453
2022-03-29,Unknown,4159,5
2022-03-29,Total,639913,4810
2022-03-30,Māori,135414,1221
2022-03-30,Pacific peoples,101481,1652
2022-03-30,Asian,90682,443
2022-03-30,"Middle Eastern, Latin American and African (MELAA)",13930,120
2022-03-30,European or Other,307611,1507
2022-03-30,Unknown,4122,5
2022-03-30,Total,653240,4948
2022-03-31,Māori,138113,1246
2022-03-31,Pacific peoples,102300,1687
2022-03-31,Asian,92185,456
2022-03-31,"Middle Eastern, Latin American and African (MELAA)",14161,122
2022-03-31,European or Other,315756,1547
2022-03-31,Unknown,4213,4
2022-03-31,Total,666728,5062
2022-04-02,Māori,141962,1314
2022-04-02,Pacific peoples,103333,1740
2022-04-02,Asian,94561,489
2022-04-02,"Middle Eastern, Latin American and African (MELAA)",14520,124
2022-04-02,European or Other,328420,1634
2022-04-02,Unknown,4366,4
2022-04-02,Total,687162,5305
2022-04-03,Māori,143727,1331
2022-04-03,Pacific peoples,103817,1759
2022-04-03,Asian,95790,499
2022-04-03,"Middle Eastern, Latin American and African (MELAA)",14683,124
2022-04-03,European or Other,334932,1651
2022-04-03,Unknown,4427,4
2022-04-03,Total,697376,5368
2022-04-04,Māori,146609,1332
2022-04-04,Pacific peoples,104600,1776
2022-04-04,Asian,97307,502
2022-04-04,"Middle Eastern, Latin American and African (MELAA)",14896,129
2022-04-04,European or Other,343563,1688
2022-04-04,Unknown,4536,5
2022-04-04,Total,711511,5432
2022-04-05,Māori,148980,1385
2022-04-05,Pacific peoples,105202,1808
2022-04-05,Asian,98629,515
2022-04-05,"Middle Eastern, Latin American and African (MELAA)",15136,133
2022-04-05,European or Other,351538,1756
2022-04-05,Unknown,4618,6
2022-04-05,Total,724103,5603
2022-04-06,Māori,151181,1439
2022-04-06,Pacific peoples,105801,1842
2022-04-06,Asian,99972,530
2022-04-06,"Middle Eastern, Latin American and African (MELAA)",15334,136
2022-04-06,European or Other,358815,1834
2022-04-06,Unknown,4652,7
2022-04-06,Total,735755,5788
2022-04-08,Māori,154658,1480
2022-04-08,Pacific peoples,106809,1889
2022-04-08,Asian,102172,557
2022-04-08,"Middle Eastern, Latin American and African (MELAA)",15632,143
2022-04-08,European or Other,370179,1931
2022-04-08,Unknown,4762,7
2022-04-08,Total,754212,6007
2022-04-09,Māori,155766,1500
2022-04-09,Pacific peoples,107118,1917
2022-04-09,Asian,102945,577
2022-04-09,"Middle Eastern, Latin American and African (MELAA)",15717,143
2022-04-09,European or Other,374588,1972
2022-04-09,Unknown,4800,7
2022-04-09,Total,760934,6116
2022-04-10,Māori,156992,1511
2022-04-10,Pacific peoples,107503,1931
2022-04-10,Asian,103814,579
2022-04-10,"Middle Eastern, Latin American and African (MELAA)",15828,144
2022-04-10,European or Other,379537,1988
2022-04-10,Unknown,4855,7
2022-04-10,Total,768529,6160
2022-04-11,Māori,159085,1543
2022-04-11,Pacific peoples,108131,1949
2022-04-11,Asian,104947,587
2022-04-11,"Middle Eastern, Latin American and African (MELAA)",16031,145
2022-04-11,European or Other,386494,2038
2022-04-11,Unknown,4920,8
2022-04-11,Total,779608,6270
2022-04-12,Māori,160719,1567
2022-04-12,Pacific peoples,108621,1962
2022-04-12,Asian,106017,599
2022-04-12,"Middle Eastern, Latin American and African (MELAA)",16166,147
2022-04-12,European or Other,392611,2080
2022-04-12,Unknown,4973,9
2022-04-12,Total,789107,6364
2022-04-13,Māori,162359,1597
2022-04-13,Pacific peoples,109092,1994
2022-04-13,Asian,107059,611
2022-04-13,"Middle Eastern, Latin American and African (MELAA)",16325,149
2022-04-13,European or Other,398809,2129
2022-04-13,Unknown,5032,9
2022-04-13,Total,798676,6489
2022-04-14,Māori,163613,1626
2022-04-14,Pacific peoples,109486,2024
2022-04-14,Asian,107983,620
2022-04-14,"Middle Eastern, Latin American and African (MELAA)",16441,152
2022-04-14,European or Other,403821,2175
2022-04-14,Unknown,5098,9
2022-04-14,Total,806442,6606
2022-04-15,Māori,164370,1652
2022-04-15,Pacific peoples,109771,2045
2022-04-15,Asian,108727,631
2022-04-15,"Middle Eastern, Latin American and African (MELAA)",16556,152
2022-04-15,European or Other,407629,2216
2022-04-15,Unknown,5139,9
2022-04-15,Total,812192,6705
2022-04-16,Māori,165179,1659
2022-04-16,Pacific peoples,110034,2058
2022-04-16,Asian,109452,633
2022-04-16,"Middle Eastern, Latin American and African (MELAA)",16651,155
2022-04-16,European or Other,411616,2242
2022-04-16,Unknown,5193,9
2022-04-16,Total,818125,6756
2022-04-17,Māori,166089,1678
2022-04-17,Pacific peoples,110313,2074
2022-04-17,Asian,110271,641
2022-04-17,"Middle Eastern, Latin American and African (MELAA)",16764,155
2022-04-17,European or Other,416053,2268
2022-04-17,Unknown,5256,10
2022-04-17,Total,824746,6826
2022-04-18,Māori,167300,1694
2022-04-18,Pacific peoples,110666,2089
2022-04-18,Asian,111318,650
2022-04-18,"Middle Eastern, Latin American and African (MELAA)",16899,155
2022-04-18,European or Other,421518,2296
2022-04-18,Unknown,5311,10
2022-04-18,Total,833012,6894
2022-04-19,Māori,169089,1715
2022-04-19,Pacific peoples,111256,2099
2022-04-19,Asian,112765,656
2022-04-19,"Middle Eastern, Latin American and African (MELAA)",17068,157
2022-04-19,European or Other,428668,2346
2022-04-19,Unknown,5394,10
2022-04-19,Total,844240,6983
2022-04-20,Māori,170638,1737
2022-04-20,Pacific peoples,111798,2123
2022-04-20,Asian,114085,665
2022-04-20,"Middle Eastern, Latin American and African (MELAA)",17237,159
2022-04-20,European or Other,435321,2400
2022-04-20,Unknown,5466,10
2022-04-20,Total,854545,7094
2022-04-21,Māori,172078,1747
2022-04-21,Pacific peoples,112261,2153
2022-04-21,Asian,115388,679
2022-04-21,"Middle Eastern, Latin American and African (MELAA)",17400,159
2022-04-21,European or Other,441282,2432
2022-04-21,Unknown,5550,11
2022-04-21,Total,863959,7181
2022-04-22,Māori,173273,1776
2022-04-22,Pacific peoples,112729,2189
2022-04-22,Asian,116565,692
2022-04-22,"Middle Eastern, Latin American and African (MELAA)",17514,162
2022-04-22,European or Other,446226,2477
2022-04-22,Unknown,5579,11
2022-04-22,Total,871886,7307
2022-04-23,Māori,173917,1804
2022-04-23,Pacific peoples,113039,2213
2022-04-23,Asian,117411,702
2022-04-23,"Middle Eastern, Latin American and African (MELAA)",17625,165
2022-04-23,European or Other,449942,2514
2022-04-23,Unknown,5621,11
2022-04-23,Total,877555,7409
2022-04-24,Māori,174631,1811
2022-04-24,Pacific peoples,113284,2228
2022-04-24,Asian,118159,708
2022-04-24,"Middle Eastern, Latin American and African (MELAA)",17702,166
2022-04-24,European or Other,453813,2542
2022-04-24,Unknown,5658,11
2022-04-24,Total,883247,7466
2022-04-25,Māori,175408,1821
2022-04-25,Pacific peoples,113580,2244
2022-04-25,Asian,119058,717
2022-04-25,"Middle Eastern, Latin American and African (MELAA)",17807,168
2022-04-25,European or Other,458064,2563
2022-04-25,Unknown,5694,11
2022-04-25,Total,889611,7524
2022-04-26,Māori,176774,1839
2022-04-26,Pacific peoples,114088,2266
2022-04-26,Asian,120341,723
2022-04-26,"Middle Eastern, Latin American and African (MELAA)",18004,170
2022-04-26,European or Other,464467,2634
2022-04-26,Unknown,5762,11
2022-04-26,Total,899436,7643
2022-04-27,Māori,177900,1863
2022-04-27,Pacific peoples,114544,2292
2022-04-27,Asian,121600,737
2022-04-27,"Middle Eastern, Latin American and African (MELAA)",18143,171
2022-04-27,European or Other,470451,2678
2022-04-27,Unknown,5839,12
2022-04-27,Total,908477,7753
2022-04-28,Māori,178874,1885
2022-04-28,Pacific peoples,114927,2326
2022-04-28,Asian,122868,753
2022-04-28,"Middle Eastern, Latin American and African (MELAA)",18286,173
2022-04-28,European or Other,475898,2730
2022-04-28,Unknown,5883,13
2022-04-28,Total,916736,7880
2022-04-29,Māori,178392,1893
2022-04-29,Pacific peoples,114934,2349
2022-04-29,Asian,123640,778
2022-04-29,"Middle Eastern, Latin American and African (MELAA)",18317,175
2022-04-29,European or Other,482563,2775
2022-04-29,Unknown,5931,13
2022-04-29,Total,923777,7983
2022-04-30,Māori,177854,1898
2022-04-30,Pacific peoples,114895,2369
2022-04-30,Asian,124434,788
2022-04-30,"Middle Eastern, Latin American and African (MELAA)",18399,174
2022-04-30,European or Other,487879,2811
2022-04-30,Unknown,5980,13
2022-04-30,Total,929441,8053
2022-05-01,Māori,178591,1921
2022-05-01,Pacific peoples,115162,2382
2022-05-01,Asian,125422,798
2022-05-01,"Middle Eastern, Latin American and African (MELAA)",18501,174
2022-05-01,European or Other,492382,2829
2022-05-01,Unknown,6025,12
2022-05-01,Total,936083,8116
2022-05-02,Māori,179819,1944
2022-05-02,Pacific peoples,115715,2404
2022-05-02,Asian,126746,807
2022-05-02,"Middle Eastern, Latin American and African (MELAA)",18639,175
2022-05-02,European or Other,498217,2885
2022-05-02,Unknown,6076,12
2022-05-02,Total,945212,8227
2022-05-03,Māori,180828,1968
2022-05-03,Pacific peoples,116074,2423
2022-05-03,Asian,127877,815
2022-05-03,"Middle Eastern, Latin American and African (MELAA)",18764,179
2022-05-03,European or Other,503993,2930
2022-05-03,Unknown,6116,13
2022-05-03,Total,953652,8328
2022-05-04,Māori,181857,1996
2022-05-04,Pacific peoples,116478,2452
2022-05-04,Asian,129109,832
2022-05-04,"Middle Eastern, Latin American and African (MELAA)",18918,180
2022-05-04,European or Other,509729,2990
2022-05-04,Unknown,6159,13
2022-05-04,Total,962250,8463
2022-05-05,Māori,182716,2013
2022-05-05,Pacific peoples,116819,2480
2022-05-05,Asian,130210,847
2022-05-05,"Middle Eastern, Latin American and African (MELAA)",19063,180
2022-05-05,European or Other,514571,3028
2022-05-05,Unknown,6211,13
2022-05-05,Total,969590,8561
2022-05-06,Māori,183539,2032
2022-05-06,Pacific peoples,117150,2500
2022-05-06,Asian,131184,862
2022-05-06,"Middle Eastern, Latin American and African (MELAA)",19185,185
2022-05-06,European or Other,519013,3064
2022-05-06,Unknown,6263,13
2022-05-06,Total,976334,8656
2022-05-07,Māori,184161,2050
2022-05-07,Pacific peoples,117406,2522
2022-05-07,Asian,132069,877
2022-05-07,"Middle Eastern, Latin American and African (MELAA)",19279,186
2022-05-07,European or Other,522761,3095
2022-05-07,Unknown,6311,13
2022-05-07,Total,981987,8743
2022-05-08,Māori,184847,2056
2022-05-08,Pacific peoples,117678,2534
2022-05-08,Asian,132938,884
2022-05-08,"Middle Eastern, Latin American and African (MELAA)",19390,187
2022-05-08,European or Other,527169,3120
2022-05-08,Unknown,6375,13
2022-05-08,Total,988397,8794
2022-05-09,Māori,185945,2074
2022-05-09,Pacific peoples,118167,2544
2022-05-09,Asian,134217,901
2022-05-09,"Middle Eastern, Latin American and African (MELAA)",19557,189
2022-05-09,European or Other,533266,3167
2022-05-09,Unknown,6430,14
2022-05-09,Total,997582,8889
2022-05-10,Māori,186868,2105
2022-05-10,Pacific peoples,118550,2567
2022-05-10,Asian,135344,921
2022-05-10,"Middle Eastern, Latin American and African (MELAA)",19700,190
2022-05-10,European or Other,538597,3223
2022-05-10,Unknown,6493,14
2022-05-10,Total,1005552,9020
2022-05-11,Māori,187945,2130
2022-05-11,Pacific peoples,118999,2592
2022-05-11,Asian,136796,935
2022-05-11,"Middle Eastern, Latin American and African (MELAA)",19892,192
2022-05-11,European or Other,544754,3277
2022-05-11,Unknown,6560,15
2022-05-11,Total,1014946,9141
2022-05-12,Māori,188791,2160
2022-05-12,Pacific peoples,119374,2624
2022-05-12,Asian,137925,951
2022-05-12,"Middle Eastern, Latin American and African (MELAA)",20025,195
2022-05-12,European or Other,549678,3349
2022-05-12,Unknown,6609,16
2022-05-12,Total,1022402,9295
2022-05-13,Māori,189588,2179
2022-05-13,Pacific peoples,119714,2643
2022-05-13,Asian,139041,964
2022-05-13,"Middle Eastern, Latin American and African (MELAA)",20140,197
2022-05-13,European or Other,554328,3403
2022-05-13,Unknown,6652,16
2022-05-13,Total,1029463,9402
2022-05-14,Māori,190162,2197
2022-05-14,Pacific peoples,119954,2667
2022-05-14,Asian,139886,979
2022-05-14,"Middle Eastern, Latin American and African (MELAA)",20235,198
2022-05-14,European or Other,558266,3436
2022-05-14,Unknown,6710,17
2022-05-14,Total,1035213,9494
2022-05-15,Māori,190904,2211
2022-05-15,Pacific peoples,120261,2679
2022-05-15,Asian,140857,992
2022-05-15,"Middle Eastern, Latin American and African (MELAA)",20342,200
2022-05-15,European or Other,563166,3455
2022-05-15,Unknown,6749,17
2022-05-15,Total,1042279,9554
2022-05-16,Māori,192074,2225
2022-05-16,Pacific peoples,120757,2701
2022-05-16,Asian,142294,1004
2022-05-16,"Middle Eastern, Latin American and African (MELAA)",20540,202
2022-05-16,European or Other,569647,3494
2022-05-16,Unknown,6817,15
2022-05-16,Total,1052129,9641
2022-05-17,Māori,193110,2255
2022-05-17,Pacific peoples,121162,2722
2022-05-17,Asian,143642,1025
2022-05-17,"Middle Eastern, Latin American and African (MELAA)",20700,207
2022-05-17,European or Other,576185,3556
2022-05-17,Unknown,6901,15
2022-05-17,Total,1061700,9780
2022-05-18,Māori,194106,2276
2022-05-18,Pacific peoples,121558,2750
2022-05-18,Asian,145068,1044
2022-05-18,"Middle Eastern, Latin American and African (MELAA)",20859,208
2022-05-18,European or Other,582240,3608
2022-05-18,Unknown,6963,17
2022-05-18,Total,1070794,9903
2022-05-19,Māori,194915,2309
2022-05-19,Pacific peoples,121929,2775
2022-05-19,Asian,146270,1066
2022-05-19,"Middle Eastern, Latin American and African (MELAA)",20994,209
2022-05-19,European or Other,587488,3661
2022-05-19,Unknown,7006,18
2022-05-19,Total,1078602,10038
2022-05-20,Māori,195601,2321
2022-05-20,Pacific peoples,122200,2800
2022-05-20,Asian,147247,1078
2022-05-20,"Middle Eastern, Latin American and African (MELAA)",21094,210
2022-05-20,European or Other,592054,3713
2022-05-20,Unknown,7046,18
2022-05-20,Total,1085242,10140
2022-05-21,Māori,196079,2342
2022-05-21,Pacific peoples,122372,2822
2022-05-21,Asian,148005,1093
2022-05-21,"Middle Eastern, Latin American and African (MELAA)",21176,211
2022-05-21,European or Other,595520,3745
2022-05-21,Unknown,7087,18
2022-05-21,Total,1090239,10231
2022-05-22,Māori,196643,2351
2022-05-22,Pacific peoples,122586,2844
2022-05-22,Asian,148948,1102
2022-05-22,"Middle Eastern, Latin American and African (MELAA)",21263,214
2022-05-22,European or Other,599678,3766
2022-05-22,Unknown,7128,18
2022-05-22,Total,1096246,10295
2022-05-23,Māori,197551,2363
2022-05-23,Pacific peoples,122958,2855
2022-05-23,Asian,150089,1113
2022-05-23,"Middle Eastern, Latin American and African (MELAA)",21424,220
2022-05-23,European or Other,605479,3802
2022-05-23,Unknown,7185,18
2022-05-23,Total,1104686,10371
2022-05-24,Māori,198351,2391
2022-05-24,Pacific peoples,123337,2880
2022-05-24,Asian,151166,1128
2022-05-24,"Middle Eastern, Latin American and African (MELAA)",21569,224
2022-05-24,European or Other,611186,3852
2022-05-24,Unknown,7243,18
2022-05-24,Total,1112852,10493
2022-05-25,Māori,199158,2421
2022-05-25,Pacific peoples,123678,2911
2022-05-25,Asian,152227,1151
2022-05-25,"Middle Eastern, Latin American and African (MELAA)",21704,228
2022-05-25,European or Other,616392,3918
2022-05-25,Unknown,7295,18
2022-05-25,Total,1120454,10647
2022-05-26,Māori,199796,2439
2022-05-26,Pacific peoples,123963,2941
2022-05-26,Asian,153234,1167
2022-05-26,"Middle Eastern, Latin American and African (MELAA)",21831,232
2022-05-26,European or Other,621136,3961
2022-05-26,Unknown,7355,19
2022-05-26,Total,1127315,10759
2022-05-27,Māori,200438,2465
2022-05-27,Pacific peoples,124203,2964
2022-05-27,Asian,154179,1186
2022-05-27,"Middle Eastern, Latin American and African (MELAA)",21967,233
2022-05-27,European or Other,625514,3995
2022-05-27,Unknown,7394,19
2022-05-27,Total,1133695,10862
2022-05-28,Māori,200843,2483
2022-05-28,Pacific peoples,124394,2983
2022-05-28,Asian,154865,1202
2022-05-28,"Middle Eastern, Latin American and African (MELAA)",22057,234
2022-05-28,European or Other,628958,4038
2022-05-28,Unknown,7433,19
2022-05-28,Total,1138550,10959
2022-05-29,Māori,201363,2492
2022-05-29,Pacific peoples,124607,3000
2022-05-29,Asian,155694,1214
2022-05-29,"Middle Eastern, Latin American and African (MELAA)",22149,235
2022-05-29,European or Other,633107,4065
2022-05-29,Unknown,7478,20
2022-05-29,Total,1144398,11026
2022-05-30,Māori,202247,2510
2022-05-30,Pacific peoples,124960,3021
2022-05-30,Asian,156872,1221
2022-05-30,"Middle Eastern, Latin American and African (MELAA)",22288,236
2022-05-30,European or Other,638951,4113
2022-05-30,Unknown,7543,20
2022-05-30,Total,1152861,11121
2022-05-31,Māori,203045,2537
2022-05-31,Pacific peoples,125264,3045
2022-05-31,Asian,157982,1245
2022-05-31,"Middle Eastern, Latin American and African (MELAA)",22441,238
2022-05-31,European or Other,644759,4164
2022-05-31,Unknown,7594,20
2022-05-31,Total,1161085,11249
2022-06-01,Māori,203776,2568
2022-06-01,Pacific peoples,125583,3080
2022-06-01,Asian,158969,1268
2022-06-01,"Middle Eastern, Latin American and African (MELAA)",22571,240
2022-06-01,European or Other,650446,4241
2022-06-01,Unknown,7644,22
2022-06-01,Total,1168989,11419
2022-06-02,Māori,204427,2588
2022-06-02,Pacific peoples,125834,3107
2022-06-02,Asian,159861,1285
2022-06-02,"Middle Eastern, Latin American and African (MELAA)",22679,240
2022-06-02,European or Other,654759,4307
2022-06-02,Unknown,7683,22
2022-06-02,Total,1175243,11549
2022-06-03,Māori,205037,2614
2022-06-03,Pacific peoples,126076,3137
2022-06-03,Asian,160720,1295
2022-06-03,"Middle Eastern, Latin American and African (MELAA)",22794,246
2022-06-03,European or Other,659230,4353
2022-06-03,Unknown,7713,22
2022-06-03,Total,1181570,11667
2022-06-04,Māori,205409,2626
2022-06-04,Pacific peoples,126219,3156
2022-06-04,Asian,161349,1316
2022-06-04,"Middle Eastern, Latin American and African (MELAA)",22863,247
2022-06-04,European or Other,662405,4393
2022-06-04,Unknown,7747,23
2022-06-04,Total,1185992,11761
2022-06-06,Māori,206358,2648
2022-06-06,Pacific peoples,126622,3194
2022-06-06,Asian,162785,1336
2022-06-06,"Middle Eastern, Latin American and African (MELAA)",23036,250
2022-06-06,European or Other,669635,4443
2022-06-06,Unknown,7817,23
2022-06-06,Total,1196253,11894
2022-06-07,Māori,207109,2663
2022-06-07,Pacific peoples,126881,3218
2022-06-07,Asian,163754,1345
2022-06-07,"Middle Eastern, Latin American and African (MELAA)",23144,252
2022-06-07,European or Other,674580,4473
2022-06-07,Unknown,7849,22
2022-06-07,Total,1203317,11973
2022-06-08,Māori,207885,2710
2022-06-08,Pacific peoples,127154,3277
2022-06-08,Asian,164881,1366
2022-06-08,"Middle Eastern, Latin American and African (MELAA)",23283,257
2022-06-08,European or Other,680303,4587
2022-06-08,Unknown,7891,23
2022-06-08,Total,1211397,12220
2022-06-09,Māori,208472,2731
2022-06-09,Pacific peoples,127419,3312
2022-06-09,Asian,165843,1382
2022-06-09,"Middle Eastern, Latin American and African (MELAA)",23360,257
2022-06-09,European or Other,684742,4646
2022-06-09,Unknown,7935,22
2022-06-09,Total,1217771,12350
2022-06-10,Māori,208973,2753
2022-06-10,Pacific peoples,127610,3336
2022-06-10,Asian,166633,1396
2022-06-10,"Middle Eastern, Latin American and African (MELAA)",23450,261
2022-06-10,European or Other,688311,4704
2022-06-10,Unknown,7985,23
2022-06-10,Total,1222962,12473
2022-06-11,Māori,209359,2766
2022-06-11,Pacific peoples,127783,3363
2022-06-11,Asian,167335,1413
2022-06-11,"Middle Eastern, Latin American and African (MELAA)",23523,265
2022-06-11,European or Other,691395,4738
2022-06-11,Unknown,8022,23
2022-06-11,Total,1227417,12568
2022-06-12,Māori,209748,2781
2022-06-12,Pacific peoples,127927,3384
2022-06-12,Asian,167997,1423
2022-06-12,"Middle Eastern, Latin American and African (MELAA)",23587,267
2022-06-12,European or Other,694554,4765
2022-06-12,Unknown,8051,23
2022-06-12,Total,1231864,12643
2022-06-13,Māori,210412,2800
2022-06-13,Pacific peoples,128141,3399
2022-06-13,Asian,168951,1434
2022-06-13,"Middle Eastern, Latin American and African (MELAA)",23699,267
2022-06-13,European or Other,698822,4813
2022-06-13,Unknown,8109,24
2022-06-13,Total,1238134,12737
2022-06-14,Māori,210964,2828
2022-06-14,Pacific peoples,128349,3425
2022-06-14,Asian,169790,1450
2022-06-14,"Middle Eastern, Latin American and African (MELAA)",23803,270
2022-06-14,European or Other,702714,4881
2022-06-14,Unknown,8149,25
2022-06-14,Total,1243769,12879
2022-06-15,Māori,211510,2850
2022-06-15,Pacific peoples,128542,3455
2022-06-15,Asian,170643,1467
2022-06-15,"Middle Eastern, Latin American and African (MELAA)",23889,272
2022-06-15,European or Other,706482,4919
2022-06-15,Unknown,8475,26
2022-06-15,Total,1249541,12989
2022-06-16,Māori,212020,2820
2022-06-16,Pacific peoples,128728,3418
2022-06-16,Asian,171445,1467
2022-06-16,"Middle Eastern, Latin American and African (MELAA)",23966,272
2022-06-16,European or Other,709836,4901
2022-06-16,Unknown,8494,25
2022-06-16,Total,1254489,12903
2022-06-17,Māori,212438,2841
2022-06-17,Pacific peoples,128917,3430
2022-06-17,Asian,172145,1484
2022-06-17,"Middle Eastern, Latin American and African (MELAA)",24037,277
2022-06-17,European or Other,712967,4942
2022-06-17,Unknown,8518,25
2022-06-17,Total,1259022,12999
2022-06-18,Māori,212725,2854
2022-06-18,Pacific peoples,129010,3455
2022-06-18,Asian,172703,1495
2022-06-18,"Middle Eastern, Latin American and African (MELAA)",24087,281
2022-06-18,European or Other,715249,4983
2022-06-18,Unknown,8554,25
2022-06-18,Total,1262328,13093
2022-06-19,Māori,213085,2868
2022-06-19,Pacific peoples,129124,3475
2022-06-19,Asian,173359,1503
2022-06-19,"Middle Eastern, Latin American and African (MELAA)",24150,282
2022-06-19,European or Other,718154,5012
2022-06-19,Unknown,8574,25
2022-06-19,Total,1266446,13165
2022-06-20,Māori,213653,2892
2022-06-20,Pacific peoples,129313,3488
2022-06-20,Asian,174199,1519
2022-06-20,"Middle Eastern, Latin American and African (MELAA)",24256,286
2022-06-20,European or Other,722194,5071
2022-06-20,Unknown,8636,26
2022-06-20,Total,1272251,13282
2022-06-21,Māori,214199,2914
2022-06-21,Pacific peoples,129500,3512
2022-06-21,Asian,175053,1539
2022-06-21,"Middle Eastern, Latin American and African (MELAA)",24354,288
2022-06-21,European or Other,726098,5116
2022-06-21,Unknown,8652,26
2022-06-21,Total,1277856,13395
2022-06-22,Māori,214692,2940
2022-06-22,Pacific peoples,129663,3539
2022-06-22,Asian,175834,1554
2022-06-22,"Middle Eastern, Latin American and African (MELAA)",24436,288
2022-06-22,European or Other,729967,5188
2022-06-22,Unknown,8672,26
2022-06-22,Total,1283264,13535
2022-06-24,Māori,215502,2987
2022-06-24,Pacific peoples,129918,3598
2022-06-24,Asian,177232,1593
2022-06-24,"Middle Eastern, Latin American and African (MELAA)",24578,290
2022-06-24,European or Other,736153,5276
2022-06-24,Unknown,8774,26
2022-06-24,Total,1292157,13770
2022-06-25,Māori,215837,2993
2022-06-25,Pacific peoples,130053,3620
2022-06-25,Asian,177970,1603
2022-06-25,"Middle Eastern, Latin American and African (MELAA)",24635,291
2022-06-25,European or Other,739365,5315
2022-06-25,Unknown,8814,26
2022-06-25,Total,1296674,13848
2022-06-26,Māori,216284,3007
2022-06-26,Pacific peoples,130246,3634
2022-06-26,Asian,178790,1617
2022-06-26,"Middle Eastern, Latin American and African (MELAA)",24708,291
2022-06-26,European or Other,743443,5370
2022-06-26,Unknown,8865,26
2022-06-26,Total,1302336,13945
2022-06-27,Māori,217066,3019
2022-06-27,Pacific peoples,130562,3645
2022-06-27,Asian,180064,1632
2022-06-27,"Middle Eastern, Latin American and African (MELAA)",24843,293
2022-06-27,European or Other,749137,5442
2022-06-27,Unknown,8902,27
2022-06-27,Total,1310574,14058
2022-06-28,Māori,217732,3045
2022-06-28,Pacific peoples,130829,3661
2022-06-28,Asian,181316,1661
2022-06-28,"Middle Eastern, Latin American and African (MELAA)",24966,297
2022-06-28,European or Other,754725,5506
2022-06-28,Unknown,8967,28
2022-06-28,Total,1318535,14198
2022-06-29,Māori,218430,3082
2022-06-29,Pacific peoples,131112,3700
2022-06-29,Asian,182484,1686
2022-06-29,"Middle Eastern, Latin American and African (MELAA)",25101,300
2022-06-29,European or Other,759954,5589
2022-06-29,Unknown,9029,29
2022-06-29,Total,1326110,14386
2022-06-30,Māori,219072,3106
2022-06-30,Pacific peoples,131329,3726
2022-06-30,Asian,183681,1702
2022-06-30,"Middle Eastern, Latin American and African (MELAA)",25215,303
2022-06-30,European or Other,764796,5650
2022-06-30,Unknown,9073,29
2022-06-30,Total,1333166,14516
2022-07-01,Māori,219663,3130
2022-07-01,Pacific peoples,131555,3747
2022-07-01,Asian,184705,1719
2022-07-01,"Middle Eastern, Latin American and African (MELAA)",25304,303
2022-07-01,European or Other,769536,5722
2022-07-01,Unknown,9123,30
2022-07-01,Total,1339886,14651
2022-07-02,Māori,220071,3142
2022-07-02,Pacific peoples,131721,3761
2022-07-02,Asian,185512,1735
2022-07-02,"Middle Eastern, Latin American and African (MELAA)",25383,304
2022-07-02,European or Other,773029,5774
2022-07-02,Unknown,9172,30
2022-07-02,Total,1344888,14746
2022-07-03,Māori,220627,3149
2022-07-03,Pacific peoples,131931,3776
2022-07-03,Asian,186540,1743
2022-07-03,"Middle Eastern, Latin American and African (MELAA)",25491,306
2022-07-03,European or Other,777772,5811
2022-07-03,Unknown,9239,30
2022-07-03,Total,1351600,14815
2022-07-04,Māori,221537,3164
2022-07-04,Pacific peoples,132245,3804
2022-07-04,Asian,188017,1756
2022-07-04,"Middle Eastern, Latin American and African (MELAA)",25630,306
2022-07-04,European or Other,784468,5874
2022-07-04,Unknown,9309,29
2022-07-04,Total,1361206,14933
2022-07-06,Māori,229763,
2022-07-06,Pacific peoples,135803,
2022-07-06,Asian,194578,
2022-07-06,"Middle Eastern, Latin American and African (MELAA)",26663,
2022-07-06,European or Other,806840,
2022-07-06,Unknown,9426,
2022-07-06,Total,1403073,
2022-07-07,Māori,230606,
2022-07-07,Pacific peoples,136171,
2022-07-07,Asian,195868,
2022-07-07,"Middle Eastern, Latin American and African (MELAA)",26807,
2022-07-07,European or Other,813687,
2022-07-07,Unknown,9503,
2022-07-07,Total,1412642,
2022-07-08,Māori,231495,
2022-07-08,Pacific peoples,136514,
2022-07-08,Asian,197312,
2022-07-08,"Middle Eastern, Latin American and African (MELAA)",26930,
2022-07-08,European or Other,820431,
2022-07-08,Unknown,9496,
2022-07-08,Total,1422178,
2022-07-09,Māori,232143,
2022-07-09,Pacific peoples,136748,
2022-07-09,Asian,198543,
2022-07-09,"Middle Eastern, Latin American and African (MELAA)",27024,
2022-07-09,European or Other,825903,
2022-07-09,Unknown,9563,
2022-07-09,Total,1429924,
2022-07-10,Māori,232842,
2022-07-10,Pacific peoples,137033,
2022-07-10,Asian,199854,
2022-07-10,"Middle Eastern, Latin American and African (MELAA)",27133,
2022-07-10,European or Other,832114,
2022-07-10,Unknown,9623,
2022-07-10,Total,1438599,
2022-07-11,Māori,234016,
2022-07-11,Pacific peoples,137522,
2022-07-11,Asian,201614,
2022-07-11,"Middle Eastern, Latin American and African (MELAA)",27299,
2022-07-11,European or Other,840275,
2022-07-11,Unknown,9725,
2022-07-11,Total,1450451,
2022-07-12,Māori,235111,
2022-07-12,Pacific peoples,137951,
2022-07-12,Asian,203378,
2022-07-12,"Middle Eastern, Latin American and African (MELAA)",27459,
2022-07-12,European or Other,848529,
2022-07-12,Unknown,9829,
2022-07-12,Total,1462257,
2022-07-13,Māori,236179,
2022-07-13,Pacific peoples,138399,
2022-07-13,Asian,205080,
2022-07-13,"Middle Eastern, Latin American and African (MELAA)",27652,
2022-07-13,European or Other,856725,
2022-07-13,Unknown,9920,
2022-07-13,Total,1473955,
2022-07-14,Māori,237241,
2022-07-14,Pacific peoples,138816,
2022-07-14,Asian,206686,
2022-07-14,"Middle Eastern, Latin American and African (MELAA)",27828,
2022-07-14,European or Other,864177,
2022-07-14,Unknown,9998,
2022-07-14,Total,1484746,
2022-07-15,Māori,238147,
2022-07-15,Pacific peoples,139194,
2022-07-15,Asian,208124,
2022-07-15,"Middle Eastern, Latin American and African (MELAA)",27963,
2022-07-15,European or Other,870795,
2022-07-15,Unknown,10049,
2022-07-15,Total,1494272,
2022-07-17,Māori,239501,
2022-07-17,Pacific peoples,139713,
2022-07-17,Asian,210453,
2022-07-17,"Middle Eastern, Latin American and African (MELAA)",28154,
2022-07-17,European or Other,880743,
2022-07-17,Unknown,10164,
2022-07-17,Total,1508728,
2022-07-18,Māori,240628,
2022-07-18,Pacific Peoples,140201,
2022-07-18,Asian,212063,
2022-07-18,"Middle Eastern, Latin American and African (MELAA)",28306,
2022-07-18,European or Other,888051,
2022-07-18,Unknown,10241,
2022-07-18,Total,1519490,
2022-07-19,Māori,241711,
2022-07-19,Pacific Peoples,140678,
2022-07-19,Asian,213640,
2022-07-19,"Middle Eastern, Latin American and African (MELAA)",28457,
2022-07-19,European or Other,895373,
2022-07-19,Unknown,10327,
2022-07-19,Total,1530186,
2022-07-20,Māori,242749,
2022-07-20,Pacific Peoples,141146,
2022-07-20,Asian,215176,
2022-07-20,"Middle Eastern, Latin American and African (MELAA)",28596,
2022-07-20,European or Other,902444,
2022-07-20,Unknown,10398,
2022-07-20,Total,1540509,
2022-07-21,Māori,243689,
2022-07-21,Pacific Peoples,141507,
2022-07-21,Asian,216557,
2022-07-21,"Middle Eastern, Latin American and African (MELAA)",28705,
2022-07-21,European or Other,908657,
2022-07-21,Unknown,10474,
2022-07-21,Total,1549589,
2022-07-22,Māori,244517,
2022-07-22,Pacific Peoples,141868,
2022-07-22,Asian,217868,
2022-07-22,"Middle Eastern, Latin American and African (MELAA)",28829,
2022-07-22,European or Other,914037,
2022-07-22,Unknown,10542,
2022-07-22,Total,1557661,
